profile_id,site,profile_type,city,posted_by,rate_low,rate_high,years_experience_shown,meals,housekeeping,personal_care,mobility_help,companionship,errands_shopping,paperwork_admin,mentions_tech,medication,drives_clients,says_has_own_car,languages,speaks_spanish,spanish_in_their_own_words,conditions_named,training_listed,says_registered_home_care_aide,mentions_ihss,availability_as_shown,shift_length_stated,days_per_week_stated,minimum_hours_stated,background_check_badge,reviews,hired_by_families,stock_wording,same_person_twice,their_words,notes,found_in,source_url,checked
A001,Care.com,senior care,Oakland,aide,40,40,10,yes,yes,yes,yes,yes,yes,no,no,medical management or medication help,yes,no,English,no,no,dementia,CNA,no,no,not shown,not stated,not stated,not stated,yes,4,0,no,no,I'm a great companion and very loving,"Bio says over 40 years. Travel, doctor appointments, medication preparation and pick-up, transfers.","Care.com home care, Oakland; Care.com home care, Berkeley; Care.com home care, Alameda",https://www.care.com/home-care/oakland-ca,2026-10-03
A002,Care.com,assistant and errands,Oakland,aide,30,35,10,yes,yes,no,no,no,yes,yes,no,none,no,yes,English,no,no,none named,associate's degree,no,no,part-time,not stated,not stated,not stated,yes,1,2,no,no,manage most everything it takes to keep a household running smoothly,"Household assistant, not senior care. Also service providers, contractors, pet care, party planning, occasional childcare.","Care.com personal assistants, Oakland; Care.com personal assistants, Berkeley; Care.com personal assistants, Alameda",https://www.care.com/personal-assistants/oakland-ca,2026-10-03
A003,Care.com,senior care,Oakland,aide,30,35,10,yes,yes,yes,yes,yes,no,no,no,none,yes,no,"English, Spanish",yes,no,dementia; hospice,CNA; CPR,yes,no,Mon-Fri 7am-8pm,not stated,not stated,not stated,yes,2,1,no,no,I am a compassionate and respectful caregiver with over 20 yrs of experience,"Says 'I'm Home Care Aide Registered with great references'. Hospital, hospice and physical therapy aide background.","Care.com home care, Oakland; Care.com home care, Berkeley; Care.com home care, Alameda",https://www.care.com/home-care/oakland-ca,2026-10-03
A004,Care.com,senior care,Oakland,aide,40,40,10,no,no,yes,no,no,no,no,no,medical management or medication help,yes,no,English,no,no,dementia,CNA,no,no,"overnight, Mon-Fri 11:30pm-7am",not stated,not stated,not stated,yes,9,16,no,no,my years of experience coupled with my caring and compassionate nature,Works in a memory support unit and takes individual clients between jobs.,"Care.com home care, Oakland; Care.com home care, Berkeley; Care.com home care, Alameda",https://www.care.com/home-care/oakland-ca,2026-10-03
A005,Care.com,senior care,Oakland,aide,30,30,10,yes,no,yes,yes,no,yes,no,no,reminders,yes,no,English,no,no,Alzheimer's; Parkinson's; MS; stroke; dementia; dialysis; diabetes; cancer; hospice,CPR,no,no,"full-time, part-time, live-in",not stated,not stated,not stated,yes,5,11,no,no,"I have sense of humor, love to laugh","Bio says over 25 years. Hoyer lift, feeding tubes and catheters named.","Care.com home care, Oakland; Care.com home care, Alameda",https://www.care.com/home-care/oakland-ca,2026-10-03
A006,Care.com,senior care,Oakland,aide,25,25,10,yes,yes,yes,yes,no,yes,no,no,reminders,yes,no,English,no,no,hospice; dementia; fall risk,CPR/AED,no,no,part-time,not stated,not stated,not stated,yes,0,0,no,no,Provide medication reminders,"Bio says 5 years. Lists tasks in detail: meals, linens, errands, exercises.","Care.com home care, Oakland; Care.com home care, Berkeley",https://www.care.com/home-care/oakland-ca,2026-10-03
A007,Care.com,senior care,Oakland,aide,25,25,10,yes,yes,yes,yes,no,yes,no,no,medical management or medication help,yes,yes,English,no,no,memory care; wound care,CPR/First Aid,no,no,live-in offered,not stated,not stated,not stated,yes,2,0,yes,no,has been my life's work for the past two decades,,"Care.com home care, Oakland; Care.com home care, Alameda",https://www.care.com/home-care/oakland-ca,2026-10-03
A008,Care.com,senior care,Oakland,aide,30,30,5,yes,no,no,no,yes,yes,no,no,none,yes,yes,English,no,no,none named,CNA,no,no,not shown,not stated,not stated,not stated,yes,0,0,no,no,I love taking care of seniors,Very short bio.,"Care.com home care, Oakland",https://www.care.com/home-care/oakland-ca,2026-10-03
A009,Care.com,senior care,Oakland,aide,30,30,10,yes,yes,yes,yes,no,yes,no,no,medical management or medication help,yes,no,English,no,no,none named,CPR/First Aid,no,no,"any hours, every day",not stated,not stated,not stated,yes,3,0,no,no,I feel like I take care my own parents or grandparents,Bio says 20 years.,"Care.com home care, Oakland; Care.com home care, Alameda",https://www.care.com/home-care/oakland-ca,2026-10-03
A010,Care.com,senior care,Oakland,aide,30,30,,yes,yes,yes,no,yes,yes,no,no,none,yes,no,"English, Spanish",yes,no,none named,college degree,no,no,Mon-Fri 8am-5pm,not stated,not stated,not stated,yes,0,0,no,no,Kids are my passion to work with but I'm also very good at cleaning,Mainly a childcare worker who also offers senior care.,"Care.com home care, Oakland",https://www.care.com/home-care/oakland-ca,2026-10-03
A011,Care.com,senior care,Oakland,aide,33,33,7,no,no,yes,no,no,no,no,no,medical management or medication help,yes,no,"English, French, Spanish",yes,no,dementia; developmental disabilities,studying for CNA; medication technician,no,no,"any hours, every day",not stated,not stated,not stated,yes,7,2,no,no,I provide health care for elders & person(s) with developmental disabilities,Works at an assisted living facility and has private clients.,"Care.com home care, Oakland; Care.com personal assistants, Oakland",https://www.care.com/home-care/oakland-ca,2026-10-03
A012,Care.com,senior care,Oakland,aide,26,26,4,no,no,yes,no,no,yes,no,no,medical management or medication help,yes,no,"English, Spanish",yes,no,dementia,CNA; CPR/First Aid,no,no,"6am-midnight, every day",not stated,not stated,not stated,yes,0,0,yes,no,2 years of dementia specialized care,,"Care.com home care, Oakland",https://www.care.com/home-care/oakland-ca,2026-10-03
A013,Care.com,senior care,Oakland,aide,25,25,10,yes,yes,yes,yes,yes,yes,no,no,medical management or medication help,yes,yes,English,no,no,dementia,CPR/First Aid,no,no,"evenings, Mon-Fri 6pm-11:45pm",not stated,not stated,not stated,yes,0,0,no,no,very flexible with my hours,Very short bio.,"Care.com home care, Oakland; Care.com home care, Alameda",https://www.care.com/home-care/oakland-ca,2026-10-03
A014,Care.com,senior care,Oakland,aide,40,40,10,yes,yes,yes,no,no,yes,no,no,medical management or medication help,yes,no,English,no,no,dementia; Parkinson's; wound care; ALS,CNA; BLS,no,no,"part-time, 9am-2pm daily",not stated,not stated,not stated,yes,2,0,no,no,I have references upon request,Bio says over 20 years. Has another job and wants part-time day work.,"Care.com home care, Oakland; Care.com home care, Berkeley",https://www.care.com/home-care/oakland-ca,2026-10-03
A015,Care.com,senior care,Oakland,aide,35,35,20,yes,yes,yes,yes,yes,yes,no,no,medical management or medication help,yes,yes,English,no,no,dementia; hospice,caregiver certificates,no,no,live-in offered,not stated,not stated,not stated,yes,2,3,yes,no,has driven my 21 years career in caregiving,"Promises text updates, phone calls and written reports.","Care.com home care, Oakland; Care.com personal assistants, Oakland",https://www.care.com/home-care/oakland-ca,2026-10-03
A016,Care.com,senior care,Oakland,aide,28,28,3,yes,yes,yes,no,no,yes,no,no,medical management or medication help,no,yes,English,no,no,memory loss,CPR; First Aid,no,no,live-in offered,not stated,not stated,not stated,yes,0,0,yes,no,30 years of professional experience,Also offers pet care.,"Care.com home care, Oakland; Care.com personal assistants, Oakland",https://www.care.com/home-care/oakland-ca,2026-10-03
A017,Care.com,senior care,Oakland,aide,26,26,10,no,yes,yes,yes,no,yes,no,no,medical management or medication help,yes,yes,"English, Spanish",yes,no,hospice,some graduate school,no,no,not shown,not stated,not stated,not stated,yes,0,0,yes,no,Supporting the well-being and independence of seniors is my true passion,,"Care.com home care, Oakland; Care.com home care, Berkeley",https://www.care.com/home-care/oakland-ca,2026-10-03
A018,Care.com,senior care,Oakland,aide,25,35,1,yes,yes,yes,no,no,yes,no,no,medical management or medication help,yes,no,English,no,no,none named,CPR/First Aid; graduate degree,no,no,live-in offered,not stated,not stated,not stated,yes,0,0,yes,no,I'm a caregiver motivated by making a positive difference,,"Care.com home care, Oakland",https://www.care.com/home-care/oakland-ca,2026-10-03
A019,Care.com,senior care,Oakland,aide,30,30,4,yes,yes,yes,yes,yes,yes,yes,no,none,yes,no,English,no,no,none named,home health aide experience; graduate degree,yes,yes,live-in available,not stated,not stated,not stated,yes,0,0,no,no,"financial organization, bill management, and contractor oversight",Closest profile to the blended offer (hands-on care plus paperwork help). Says she is on the California HCA Registry and the Alameda County IHSS registry. Bio says over 20 years.,"Care.com home care, Oakland; Care.com home care, Berkeley; Care.com home care, Alameda; Care.com personal assistants, Oakland",https://www.care.com/home-care/oakland-ca,2026-10-03
A020,Care.com,senior care,Oakland,aide,40,40,10,yes,yes,yes,yes,no,yes,no,no,medical management or medication help,yes,yes,English,no,no,dementia; hospice; diabetes; fall prevention,CNA; home health aide; hospice trained; end of life doula; CPR/First Aid,no,no,Mon-Fri 7am-7pm,not stated,not stated,not stated,yes,1,0,no,no,"driving to appointments, memory loss, and fall prevention care",33 years of home care in the Bay Area. Takes blood pressure and sugar levels.,"Care.com home care, Oakland; Care.com home care, Berkeley",https://www.care.com/home-care/oakland-ca,2026-10-03
A021,Care.com,senior care,Oakland,aide,20,20,9,yes,yes,no,no,yes,yes,no,no,medical management or medication help,no,no,English,no,no,none named,none listed,no,no,"overnight stays; hourly days, nights, weekends",not stated,not stated,not stated,yes,3,0,no,no,I could give my undivided attention to one person,,"Care.com home care, Oakland; Care.com home care, Berkeley; Care.com home care, Alameda",https://www.care.com/home-care/oakland-ca,2026-10-03
A022,Care.com,senior care,Oakland,aide,40,40,3,no,no,yes,no,yes,no,no,no,none,no,no,English,no,no,dementia,home health aide experience; college degree,not clear,no,full-time,not stated,not stated,not stated,yes,1,0,no,no,I am a reliable and conscientious person,"Says she 'registered as a caregiver' four years ago, without naming the registry.","Care.com home care, Oakland; Care.com home care, Alameda; Care.com personal assistants, Oakland",https://www.care.com/home-care/oakland-ca,2026-10-03
A023,Care.com,senior care,Oakland,aide,25,50,10,yes,yes,yes,yes,yes,yes,no,no,medical management or medication help,yes,no,"English, French, Spanish",yes,no,dementia,CPR/First Aid; college degree,no,no,"full-time or part-time, any time day or night",not stated,not stated,not stated,yes,0,0,no,no,"patient, kind, caring individual",A student whose experience is caring for a family member. Also open to one-time jobs.,"Care.com home care, Oakland; Care.com home care, Alameda",https://www.care.com/home-care/oakland-ca,2026-10-03
A024,Care.com,senior care,Oakland,aide,25,25,10,yes,yes,yes,yes,yes,yes,no,no,not clear,no,no,English,no,no,dementia; hospice,CNA; home health aide; CPR/First Aid,no,no,7 days a week 8am-8pm; also live-in or 24-hour care,not stated,not stated,not stated,yes,1,0,no,no,"very flexible, dependable, reliable and very trustworthy",Bio says over 30 years. Says the rate depends on the hours and how far she has to travel. Offers references.,"Care.com home care, Oakland; Care.com home care, Berkeley; Care.com home care, Alameda",https://www.care.com/home-care/oakland-ca,2026-10-03
A025,Care.com,senior care,Oakland,aide,28,28,10,yes,yes,yes,no,no,yes,no,no,none,yes,yes,English,no,no,dementia,CNA; home health aide,no,no,not shown,not stated,not stated,not stated,yes,5,2,no,no,exactly like I would treat my parents and grandparents,,"Care.com home care, Oakland; Care.com home care, Berkeley",https://www.care.com/home-care/oakland-ca,2026-10-03
A026,Care.com,senior care,Oakland,aide,35,35,10,yes,yes,yes,no,yes,yes,no,no,medical management or medication help,yes,yes,English,no,no,early dementia; hospice,CNA; home health aide; CPR,no,no,"live-in, overnight or hourly shifts",not stated,not stated,not stated,yes,0,0,no,no,"kind, patient, empathetic, trustworthy, friendly, hardworking",About 21 years. Valid driver's license and own vehicle.,"Care.com home care, Oakland; Care.com home care, Alameda",https://www.care.com/home-care/oakland-ca,2026-10-03
A027,Care.com,senior care,Oakland,aide,20,37,9,yes,yes,yes,no,no,yes,no,no,medical management or medication help,no,no,English,no,no,dementia; hospice,CNA; home health aide; CPR/First Aid,no,no,7am-5pm daily,not stated,not stated,not stated,yes,2,3,no,no,CNA/HHA license. 10 years experience as a caregivers,Prepares medication; errands and doctor appointments.,"Care.com home care, Oakland",https://www.care.com/home-care/oakland-ca,2026-10-03
A028,Care.com,senior care,Oakland,aide,33,33,10,yes,yes,yes,yes,no,yes,no,no,medical management or medication help,yes,no,"English, Arabic, Amharic, Tigrinya",no,no,dementia; fall risk,CNA; CPR/First Aid,no,no,live-in offered,not stated,not stated,not stated,yes,1,1,no,no,I go all in with everything I do,"Caring for seniors since 2002, in facilities and one-on-one at home.","Care.com home care, Oakland; Care.com home care, Alameda",https://www.care.com/home-care/oakland-ca,2026-10-03
A029,Care.com,senior care,Oakland,aide,21,21,1,yes,yes,yes,yes,no,yes,no,no,none,no,no,Spanish,yes,yes,hospice,none listed,no,no,live-in offered,not stated,not stated,not stated,yes,0,0,no,no,I'd describe my personality as calm,Part of the bio is written in Spanish. Cared for family members.,"Care.com home care, Oakland",https://www.care.com/home-care/oakland-ca,2026-10-03
A030,Care.com,senior care,Oakland,aide,25,25,10,yes,yes,yes,yes,yes,yes,no,no,medical management or medication help,yes,yes,English,no,no,dementia,none listed,no,no,live-in offered,not stated,not stated,not stated,yes,1,0,no,no,compassionate and dependable caregiver,Bio says over 15 years and medication reminders. Background in nutrition.,"Care.com home care, Oakland; Care.com home care, Alameda; Care.com personal assistants, Oakland",https://www.care.com/home-care/oakland-ca,2026-10-03
A031,Care.com,senior care,Oakland,aide,25,25,5,yes,yes,yes,yes,no,yes,no,no,none,no,yes,English,no,no,dementia; hospice,CPR/First Aid,no,no,not shown,not stated,not stated,not stated,yes,0,0,yes,no,Supporting the independence and well-being of seniors is my true calling,,"Care.com home care, Oakland; Care.com home care, Berkeley; Care.com home care, Alameda; Care.com personal assistants, Oakland",https://www.care.com/home-care/oakland-ca,2026-10-03
A032,Care.com,senior care,Oakland,aide,30,35,10,yes,yes,yes,no,yes,yes,no,no,none,yes,no,English,no,no,dementia,CNA; home health aide; graduate degree,not clear,no,part-time,not stated,not stated,not stated,yes,1,0,no,no,"patient, listen carefully, supportive and be responsible",Bio says over 20 years. Says 'I am registered with home health Aid and also passed a background check'.,"Care.com home care, Oakland",https://www.care.com/home-care/oakland-ca,2026-10-03
A033,Care.com,senior care,Oakland,aide,28,28,10,yes,yes,no,no,yes,yes,no,no,none,yes,no,English,no,no,memory care,certified home health aide; CPR/First Aid,no,no,not shown,not stated,not stated,not stated,yes,0,0,yes,no,a calm and patient approach to care,Promises updates by text or phone.,"Care.com home care, Oakland; Care.com home care, Berkeley",https://www.care.com/home-care/oakland-ca,2026-10-03
A034,Care.com,senior care,Oakland,aide,22,22,10,yes,yes,yes,yes,yes,yes,no,no,medical management or medication help,yes,yes,English,no,no,Alzheimer's; dementia; Parkinson's; diabetes; MS; cancer; bedridden; hospice,CNA,no,no,live-in,not stated,not stated,not stated,yes,21,6,no,no,their wishes are my commands,"Bio says 30 years. Fills pill boxes. Own car, clean driving record and insurance.","Care.com home care, Oakland; Care.com home care, Berkeley",https://www.care.com/home-care/oakland-ca,2026-10-03
A035,Care.com,senior care,Oakland,aide,30,30,10,yes,yes,yes,no,no,no,no,no,medical management or medication help,no,yes,English,no,no,dementia; hospice,certified medical assistant; CNA; medication technician,no,no,not shown,not stated,not stated,not stated,yes,0,0,no,no,COMPASSIONATE CONSISTENT AND CARING,Wants 'a job that treats me right has fair pay'.,"Care.com home care, Oakland; Care.com home care, Berkeley; Care.com home care, Alameda; Care.com personal assistants, Oakland",https://www.care.com/home-care/oakland-ca,2026-10-03
A036,Care.com,senior care,Oakland,aide,40,40,10,yes,yes,yes,yes,yes,yes,no,no,medical management or medication help,yes,yes,English,no,no,stroke; diabetes; Parkinson's; cancer; hospice; autism; dementia,registered nurse trained abroad,no,no,Mon-Sat 6am-6pm,not stated,not stated,not stated,yes,2,1,no,no,"dedicated, reliable, and passionate about helping others",9 years of hospital nursing.,"Care.com home care, Oakland; Care.com home care, Berkeley",https://www.care.com/home-care/oakland-ca,2026-10-03
A037,Care.com,senior care,Oakland,aide,30,30,6,yes,yes,yes,yes,yes,yes,no,no,medical management or medication help,yes,no,English,no,no,dementia; hospice,certified home health aide; college degree,no,no,live-in offered,not stated,not stated,not stated,yes,0,0,yes,no,"a calm, patient, and compassionate approach",,"Care.com home care, Oakland",https://www.care.com/home-care/oakland-ca,2026-10-03
A038,Care.com,senior care,Oakland,aide,20,32,1,yes,yes,yes,no,yes,no,no,no,medical management or medication help,no,no,English,no,no,none named,none listed,no,no,live-in offered,not stated,not stated,not stated,yes,0,0,no,no,I like to put others needs before myself,,"Care.com home care, Oakland",https://www.care.com/home-care/oakland-ca,2026-10-03
A039,Care.com,senior care,Oakland,aide,17,27,2,yes,yes,yes,no,no,no,no,no,medical management or medication help,no,no,English,no,no,dementia,CNA; certified home health aide,no,no,live-in,not stated,not stated,not stated,yes,0,0,yes,no,"patient, compassionate, and detail-oriented",Promises written daily reports.,"Care.com home care, Oakland; Care.com personal assistants, Oakland",https://www.care.com/home-care/oakland-ca,2026-10-03
A040,Care.com,senior care,Oakland,aide,25,30,10,yes,yes,yes,yes,yes,yes,no,no,none,yes,yes,English,no,no,dementia; hospice,none listed,no,no,full-time; live-in,not stated,not stated,not stated,yes,1,3,no,no,so they can be comfortable in their own house,"Names Hoyer lift, errands and doctor appointments.","Care.com home care, Oakland",https://www.care.com/home-care/oakland-ca,2026-10-03
A041,Care.com,senior care,Oakland,aide,25,25,1,yes,yes,yes,yes,yes,yes,no,no,none,yes,yes,"English, Spanish",yes,no,dementia,CNA,no,no,live-in offered,not stated,not stated,not stated,yes,1,0,no,no,"women of respect, lively and kind",Nursing facility experience. Says she can drive a patient to appointments.,"Care.com home care, Berkeley",https://www.care.com/home-care/berkeley-ca,2026-10-03
A042,Care.com,senior care,Oakland,aide,25,25,2,yes,yes,yes,yes,yes,yes,no,no,none,yes,no,English,no,no,none named,EMT; CPR/First Aid; college degree,no,no,live-in offered,not stated,not stated,not stated,yes,0,0,no,no,"compassionate, dependable, and genuinely enjoy helping",A recent graduate applying to medical school. Also does childcare.,"Care.com home care, Berkeley; Care.com home care, Alameda",https://www.care.com/home-care/berkeley-ca,2026-10-03
A043,Care.com,senior care,Oakland,aide,28,28,45,yes,yes,yes,yes,yes,yes,no,no,reminders,yes,yes,English,no,no,Alzheimer's; dementia; diabetes; Parkinson's; stroke; post-surgery; hospice,some college,no,no,Mon-Fri 7am-7pm; live-in or daily shifts,not stated,not stated,not stated,yes,0,1,no,no,"I am dependable, flexible and reliable",Drives clients to doctor appointments. References on request.,"Care.com home care, Berkeley; Care.com home care, Alameda",https://www.care.com/home-care/berkeley-ca,2026-10-03
A044,Care.com,senior care,Oakland,aide,30,30,10,yes,yes,yes,yes,yes,yes,yes,no,medical management or medication help,yes,no,English,no,no,dementia; wound care,some college,no,no,not shown,not stated,not stated,not stated,yes,0,1,no,no,"mature, compassionate, appreciative, and good-natured",Bio says over 20 years. Has been a 'liaison with medical providers' and managed medications and care schedules. 'Strong organizational and research skills'.,"Care.com home care, Alameda",https://www.care.com/home-care/alameda-ca,2026-10-03
A045,Care.com,senior care,Oakland,aide,20,50,10,yes,yes,yes,yes,yes,yes,yes,no,medical management or medication help,yes,no,English,no,no,dementia; hospice,none listed,yes,no,Mon-Sat 8am-5pm; Sunday overnight,not stated,not stated,not stated,yes,1,1,no,no,"Familiar with scheduling and managing appointments, coordinating household support",Private caregiver since 2015. Says 'im a current california register caregiver'.,"Care.com personal assistants, Oakland; Care.com personal assistants, Berkeley; Care.com personal assistants, Alameda",https://www.care.com/personal-assistants/oakland-ca,2026-10-03
A046,Care.com,senior care,Oakland,aide,20,20,3,yes,yes,no,no,no,yes,no,no,none,no,no,English,no,no,none named,First Aid,no,no,not shown,not stated,not stated,not stated,yes,0,0,yes,no,"a calm, patient, and approachable presence",,"Care.com personal assistants, Oakland",https://www.care.com/personal-assistants/oakland-ca,2026-10-03
A047,Care.com,senior care,Oakland,aide,35,35,2,yes,yes,no,no,no,no,no,no,none,no,no,English,no,no,none named,First Aid; some college,no,no,not shown,not stated,not stated,not stated,yes,0,0,yes,no,social work student with a focus in gerontology,Two years of senior program coordination.,"Care.com personal assistants, Oakland",https://www.care.com/personal-assistants/oakland-ca,2026-10-03
A048,Care.com,senior care,Oakland,aide,30,40,3,yes,yes,no,no,no,yes,yes,no,medical management or medication help,yes,no,"English, French, Spanish",yes,no,dementia,associate degree in progress,no,no,Mon-Sat 6am-3pm,not stated,not stated,not stated,yes,0,0,no,no,Personal assistant tasks as well as home care,Names 'personal assistant tasks' without saying which.,"Care.com personal assistants, Oakland; Care.com personal assistants, Alameda",https://www.care.com/personal-assistants/oakland-ca,2026-10-03
A049,Care.com,senior care,Oakland,aide,30,45,5,yes,yes,no,no,no,yes,yes,yes,reminders,yes,no,"English, Vietnamese",no,no,none named,associate degree in progress,no,no,Mon-Fri 5am-7pm,not stated,not stated,not stated,yes,0,0,no,"yes, also has an assistant profile in this table","admin works (booking tickets, planning trips, paperwork helps, and making appointments)","Close to the blended offer. 'I am tech savvy' and was a personal assistant for executives; household manager and caregiver for private homes. Does not list hands-on care. Same person also has assistant, housekeeping and childcare profiles.","Care.com personal assistants, Oakland",https://www.care.com/personal-assistants/oakland-ca,2026-10-03
A050,Care.com,senior care,Oakland,aide,30,30,1,no,yes,no,no,no,yes,no,no,none,no,no,English,no,no,none named,CNA,no,no,"overnight, Mon-Thu midnight-6am",not stated,not stated,not stated,yes,0,0,yes,no,"patient, calm, and approachable",,"Care.com personal assistants, Oakland",https://www.care.com/personal-assistants/oakland-ca,2026-10-03
A051,Care.com,senior care,Oakland,aide,17,22,4,yes,yes,yes,no,no,yes,no,no,medical management or medication help,no,no,English,no,no,dementia; hospice; developmental and physical disabilities,graduate degree,no,no,not shown,not stated,not stated,not stated,yes,0,0,no,no,I'm a very patient and nurturing person,,"Care.com personal assistants, Oakland",https://www.care.com/personal-assistants/oakland-ca,2026-10-03
A052,Care.com,senior care,Oakland,aide,18,30,2,no,yes,yes,no,yes,no,no,no,none,no,no,"English, Spanish",yes,no,dementia; hospice,CNA; CPR,no,no,"6am-midnight, 7 days a week",not stated,not stated,not stated,yes,0,0,no,no,CNA and caregiver with experience in senior care,,"Care.com personal assistants, Oakland",https://www.care.com/personal-assistants/oakland-ca,2026-10-03
A053,Care.com,senior care,Oakland,aide,25,25,2,yes,yes,yes,no,yes,yes,no,no,none,no,no,"English, Chinese",no,no,none named,CPR/First Aid,no,no,"6am-midnight, every day",not stated,not stated,not stated,yes,0,0,no,no,(no written bio),No written bio; only the ticked services.,"Care.com personal assistants, Oakland",https://www.care.com/personal-assistants/oakland-ca,2026-10-03
A054,Care.com,senior care,Oakland,aide,20,26,3,yes,yes,yes,yes,yes,yes,no,no,medical management or medication help,no,no,English,no,no,dementia,CNA; home health aide; hospice experience,no,no,"6am-midnight, every day",not stated,not stated,not stated,yes,0,0,no,no,hands-on caregiving experience providing compassionate support,,"Care.com personal assistants, Oakland",https://www.care.com/personal-assistants/oakland-ca,2026-10-03
A055,Care.com,senior care,Oakland,aide,35,50,2,no,yes,yes,yes,no,yes,no,no,none,no,no,English,no,no,none named,CNA,no,no,looking for hourly positions,not stated,not stated,not stated,yes,0,0,no,no,compassionate and reliable caregiver with CNA experience,,"Care.com personal assistants, Oakland",https://www.care.com/personal-assistants/oakland-ca,2026-10-03
A056,Care.com,senior care,Oakland,aide,30,50,2,yes,yes,yes,yes,yes,no,no,no,medical management or medication help,no,no,"English, Amharic, Tigrinya",no,no,dementia; hospice,CNA; nursing student,no,no,"any hours, 7 days a week",not stated,not stated,not stated,yes,0,0,no,no,"patient, organized, attentive to detail",Bio says medication reminders.,"Care.com personal assistants, Oakland",https://www.care.com/personal-assistants/oakland-ca,2026-10-03
A057,Care.com,senior care,Oakland,aide,25,42,10,yes,yes,no,yes,no,no,no,no,none,yes,no,English,no,no,none named,some college,no,no,Mon-Fri 9am-4pm,not stated,not stated,not stated,yes,0,0,no,no,I like to care to everyone,Was a private caregiver abroad.,"Care.com personal assistants, Oakland",https://www.care.com/personal-assistants/oakland-ca,2026-10-03
A058,Care.com,senior care,Oakland,aide,25,25,1,yes,yes,yes,yes,yes,yes,no,no,none,yes,no,"English, Spanish",yes,yes,hospice,CNA; CPR/First Aid; college degree,no,no,not shown,not stated,not stated,not stated,yes,0,0,no,no,I am bilingual (English/Spanish),Says being bilingual lets her 'communicate easily with a wider range of families'. Also does childcare.,"Care.com personal assistants, Oakland",https://www.care.com/personal-assistants/oakland-ca,2026-10-03
A059,Care.com,senior care,Oakland,aide,23,23,10,yes,yes,yes,yes,yes,yes,no,no,medical management or medication help,no,no,English,no,no,dementia; hospice,home health aide license; CPR/First Aid,yes,no,part-time,not stated,not stated,not stated,yes,2,0,no,no,a current home care aide license,Training list also says 'HCA Certified'.,"Care.com personal assistants, Oakland",https://www.care.com/personal-assistants/oakland-ca,2026-10-03
A060,Care.com,senior care,Oakland,aide,25,30,10,yes,yes,yes,yes,yes,yes,no,no,medical management or medication help,yes,no,English,no,no,dementia,CPR/First Aid; home health aide experience; hospice; wound care,no,no,"any day 6am-midnight, flexible shifts",not stated,not stated,not stated,yes,4,0,no,no,"compassionate, reliable, and dedicated caregiver",,"Care.com personal assistants, Oakland",https://www.care.com/personal-assistants/oakland-ca,2026-10-03
A061,Care.com,senior care,Oakland,aide,35,40,10,yes,yes,yes,yes,yes,yes,no,no,medical management or medication help,yes,no,"English, Spanish",yes,no,none named,CNA; certified home health aide; CPR/First Aid,no,no,not shown,not stated,not stated,not stated,yes,0,0,yes,no,"patient, calm, friendly, and empathetic",Promises written daily reports.,"Care.com personal assistants, Oakland",https://www.care.com/personal-assistants/oakland-ca,2026-10-03
A062,Care.com,senior care,Oakland,aide,18,23,2,yes,yes,yes,yes,yes,no,no,no,medical management or medication help,no,no,English,no,no,dementia; hospice,CPR/First Aid; some graduate school,no,no,not shown,not stated,not stated,not stated,yes,0,0,no,no,compassionate and reliable in-home caregiver,Bio says medication reminders.,"Care.com personal assistants, Oakland",https://www.care.com/personal-assistants/oakland-ca,2026-10-03
A063,Care.com,senior care,Oakland,aide,32,32,20,yes,no,yes,yes,yes,no,no,no,medical management or medication help,no,yes,"English, Arabic",no,no,dementia,CPR/First Aid,no,no,not shown,not stated,not stated,not stated,yes,0,0,yes,no,"patient, calm, friendly, and professional",Promises written reports and verbal updates.,"Care.com personal assistants, Oakland",https://www.care.com/personal-assistants/oakland-ca,2026-10-03
A064,Care.com,senior care,Oakland,aide,30,30,10,no,no,yes,no,yes,no,no,no,none,no,no,English,no,no,memory care,CNA; CPR/First Aid; college degree,no,no,not shown,not stated,not stated,not stated,yes,0,0,yes,no,"a patient, calm demeanor to every home I enter",Promises written daily reports.,"Care.com personal assistants, Oakland",https://www.care.com/personal-assistants/oakland-ca,2026-10-03
A065,Care.com,senior care,Oakland,aide,25,25,10,yes,yes,yes,yes,yes,no,no,no,medical management or medication help,no,no,English,no,no,cerebral palsy; Alzheimer's and dementia; ALS; muscular dystrophy; heart failure; diabetes,graduate degree in health administration; CPR/First Aid; home health aide experience,no,no,"6am-midnight, every day",not stated,not stated,not stated,yes,3,2,no,no,"compassionate, reliable, and experienced caregiver",,"Care.com personal assistants, Oakland",https://www.care.com/personal-assistants/oakland-ca,2026-10-03
A066,Care.com,senior care,Oakland,aide,30,30,10,yes,yes,yes,no,no,yes,no,no,none,yes,no,English,no,no,none named,CPR/First Aid,no,no,not shown,not stated,not stated,not stated,yes,0,0,yes,no,"patient, calm, and detail-oriented professional",,"Care.com personal assistants, Oakland",https://www.care.com/personal-assistants/oakland-ca,2026-10-03
A067,Care.com,senior care,Oakland,aide,40,40,10,yes,yes,yes,yes,yes,yes,no,no,none,yes,yes,"English, Spanish",yes,no,none named,certified clinical medical assistant; college degree,no,no,Fri 3-10pm; Sat and Sun 8am-7pm,not stated,not stated,not stated,yes,0,0,no,no,I have a heart of gold,"Bio says over 18 years. Was a client director and case manager for a home care company. Says she is cleared through Live Scan (the fingerprint check), with a clear DMV record and an insured car.","Care.com personal assistants, Oakland",https://www.care.com/personal-assistants/oakland-ca,2026-10-03
A068,Care.com,senior care,Oakland,aide,30,35,6,yes,yes,yes,no,no,yes,no,no,medical management or medication help,yes,no,English,no,no,dementia; stroke; diabetes,CNA,no,no,part-time,not stated,not stated,not stated,yes,3,0,no,no,specializing in transportation services and respite care,Working toward becoming a registered nurse.,"Care.com personal assistants, Oakland",https://www.care.com/personal-assistants/oakland-ca,2026-10-03
A069,Care.com,senior care,Oakland,aide,32,32,3,no,yes,yes,no,no,no,no,no,none,yes,no,English,no,no,none named,CNA; CPR; First Aid,no,no,not shown,not stated,not stated,not stated,yes,0,0,yes,no,"patient, calm, and deeply empathetic",,"Care.com personal assistants, Oakland",https://www.care.com/personal-assistants/oakland-ca,2026-10-03
A070,Care.com,senior care,Oakland,aide,25,25,1,yes,yes,yes,yes,no,yes,no,no,none,yes,yes,English,no,no,none named,CPR; First Aid; college degree,no,no,not shown,not stated,not stated,not stated,yes,0,0,yes,no,"reliable, patient, and empathetic care",,"Care.com personal assistants, Oakland",https://www.care.com/personal-assistants/oakland-ca,2026-10-03
A071,Care.com,senior care,Oakland,aide,30,30,1,yes,yes,yes,no,no,yes,no,no,none,yes,no,English,no,no,none named,CNA; CPR/First Aid; graduate degree,no,no,not shown,not stated,not stated,not stated,yes,0,0,yes,no,"compassionate, detail-oriented support",,"Care.com personal assistants, Oakland",https://www.care.com/personal-assistants/oakland-ca,2026-10-03
A072,Care.com,senior care,Oakland,aide,33,35,10,yes,yes,yes,yes,yes,yes,no,no,medical management or medication help,yes,no,"English, German",no,no,dementia,CPR/First Aid; hospice experience,no,no,part-time,not stated,not stated,not stated,yes,0,0,yes,no,patient and compassionate caregiver,,"Care.com personal assistants, Oakland",https://www.care.com/personal-assistants/oakland-ca,2026-10-03
A073,Care.com,senior care,Oakland,aide,20,30,10,yes,yes,yes,no,yes,no,no,no,none,no,no,"English, Spanish",yes,no,hospice; developmental disabilities,bachelor degree,no,no,"Tue, Thu, Sat, Sun 8am-5pm",not stated,not stated,not stated,yes,0,0,no,no,companionship not too much personal care,A preschool teacher by trade who wants companionship work.,"Care.com personal assistants, Oakland",https://www.care.com/personal-assistants/oakland-ca,2026-10-03
A074,Care.com,senior care,Oakland,aide,25,30,2,yes,yes,yes,no,no,yes,no,no,medical management or medication help,yes,no,"English, Spanish",yes,no,dementia; hospice,certified phlebotomist; medical assistant,no,no,not shown,not stated,not stated,not stated,yes,0,0,no,no,"very caring, well mannered, and clean/organized",Comfortable giving medications. Also does childcare.,"Care.com personal assistants, Oakland",https://www.care.com/personal-assistants/oakland-ca,2026-10-03
A075,Care.com,senior care,Oakland,aide,18,22,3,yes,yes,yes,yes,yes,yes,no,no,medical management or medication help,no,no,English,no,no,dementia; diabetes,CPR/First Aid,no,no,"6am-midnight, every day",not stated,not stated,not stated,yes,0,0,no,no,caring for others has always come naturally to me,Experience is caring for relatives. Bio says medication reminders and appointments.,"Care.com personal assistants, Oakland",https://www.care.com/personal-assistants/oakland-ca,2026-10-03
A076,Care.com,senior care,Oakland,aide,35,35,10,yes,yes,yes,yes,yes,yes,no,no,medical management or medication help,no,no,English,no,no,dementia; hospice,some college,no,no,Mon-Fri and Sun 7am-7pm,not stated,not stated,not stated,yes,2,0,no,no,"exceptional, empathetic, and compassionate",Was a memory care director for 15 years; started as a caregiver at 16.,"Care.com personal assistants, Oakland",https://www.care.com/personal-assistants/oakland-ca,2026-10-03
A077,Care.com,senior care,Oakland,aide,39,39,2,yes,yes,yes,yes,yes,yes,no,no,medical management or medication help,yes,no,"English, Spanish",yes,no,dementia,CPR/First Aid; home health aide experience; hospice experience,no,no,any day 6am-midnight,not stated,not stated,not stated,yes,0,0,no,no,"compassionate, reliable, and patient caregiver",Bio says medication reminders.,"Care.com personal assistants, Oakland",https://www.care.com/personal-assistants/oakland-ca,2026-10-03
A078,Care.com,senior care,Oakland,aide,25,25,10,yes,yes,no,no,yes,yes,no,no,none,yes,yes,English,no,no,dementia; hospice,dementia care and care management certificate; CPR; First Aid,no,no,"part-time, 3-5 days a week, 4-6 hours per shift",4-6 hours,3-5,4,yes,0,0,yes,no,Working with seniors has been my passion,Bio says 16 years. One of the few profiles that states a shift length.,"Care.com personal assistants, Oakland",https://www.care.com/personal-assistants/oakland-ca,2026-10-03
A079,Care.com,senior care,Oakland,aide,,,5,yes,yes,yes,no,no,yes,no,no,none,yes,no,English,no,no,none named,CNA; CPR/First Aid; college degree,no,no,"6am-midnight, every day",not stated,not stated,not stated,yes,0,0,yes,no,"a patient, compassionate, and calm approach","The site shows 3 dollars an hour, which looks like a typing error, so the rate is left blank.","Care.com personal assistants, Oakland",https://www.care.com/personal-assistants/oakland-ca,2026-10-03
A080,Care.com,senior care,Oakland,aide,25,25,3,no,yes,no,no,no,no,no,no,none,yes,no,"English, Spanish",yes,no,none named,CPR/First Aid,no,no,not shown,not stated,not stated,not stated,yes,0,0,yes,no,"patient, calm, and professional approach",Offers rides to appointments and light housekeeping only.,"Care.com personal assistants, Oakland",https://www.care.com/personal-assistants/oakland-ca,2026-10-03
A081,Care.com,senior care,Oakland,aide,18,28,10,yes,yes,yes,no,no,yes,no,no,none,yes,no,English,no,no,none named,CNA; certified home health aide; CPR/First Aid,no,no,not shown,not stated,not stated,not stated,yes,0,0,yes,no,"patient, calm, compassionate, and friendly",,"Care.com personal assistants, Oakland",https://www.care.com/personal-assistants/oakland-ca,2026-10-03
A082,Care.com,senior care,Oakland,aide,30,30,1,yes,yes,yes,no,no,yes,no,no,none,yes,no,English,no,no,none named,First Aid; college degree,no,no,"6am-midnight, every day",not stated,not stated,not stated,yes,1,0,yes,no,"a calm, friendly demeanor",,"Care.com personal assistants, Oakland",https://www.care.com/personal-assistants/oakland-ca,2026-10-03
A083,Care.com,senior care,Oakland,aide,32,32,3,yes,yes,yes,yes,yes,no,no,no,medical management or medication help,no,yes,"English, Spanish",yes,yes,dementia; hospice,CPR; First Aid; college degree,no,no,not shown,not stated,not stated,not stated,yes,0,0,yes,no,"patient, compassionate, and detail-oriented",Says in the bio that she speaks English and Spanish.,"Care.com personal assistants, Oakland",https://www.care.com/personal-assistants/oakland-ca,2026-10-03
A084,Care.com,senior care,Oakland,aide,25,25,3,yes,yes,yes,yes,no,no,no,no,medical management or medication help,yes,no,"English, Spanish",yes,no,memory care,certified home health aide; CPR/First Aid,no,no,not shown,not stated,not stated,not stated,yes,1,0,yes,no,My approach is defined by patience and empathy,,"Care.com personal assistants, Oakland",https://www.care.com/personal-assistants/oakland-ca,2026-10-03
A085,Care.com,senior care,Oakland,aide,35,35,20,yes,yes,yes,yes,yes,yes,no,no,medical management or medication help,yes,yes,English,no,no,dementia; hospice,CPR; First Aid,no,no,not shown,not stated,not stated,not stated,yes,0,0,yes,no,"friendly, approachable, professional, and detail-oriented",,"Care.com personal assistants, Oakland",https://www.care.com/personal-assistants/oakland-ca,2026-10-03
A086,Care.com,senior care,Oakland,aide,30,30,1,yes,yes,no,no,yes,yes,no,yes,medical management or medication help,yes,no,English,no,no,none named,end-of-life doula; graduate studies; chaplaincy training,no,no,part-time,not stated,not stated,not stated,yes,2,0,no,no,"technology assistance, pet care, and respite for family caregivers","Closest to the assistant half of the blended offer. A companion who offers conversation, rides, appointment accompaniment, errands, organization and technology assistance, and says 'I do not provide bathing, toileting, dressing, or other hands-on personal care'. More than 20 years of work experience outside caregiving.","Care.com personal assistants, Oakland",https://www.care.com/personal-assistants/oakland-ca,2026-10-03
A087,Care.com,senior care,Oakland,aide,25,25,10,yes,yes,yes,no,no,yes,no,no,none,yes,no,English,no,no,none named,CPR/First Aid; some graduate school,no,no,not shown,not stated,not stated,not stated,yes,0,0,yes,no,"compassionate, experienced caregiver","Promises daily written reports, calls or texts.","Care.com personal assistants, Oakland",https://www.care.com/personal-assistants/oakland-ca,2026-10-03
A088,Care.com,senior care,Oakland,aide,28,30,5,no,yes,yes,yes,yes,yes,no,no,medical management or medication help,yes,yes,"English, Spanish, Tagalog",yes,yes,dementia; Parkinson's; stroke; PSP,nurse trained abroad; medication technician; CPR/First Aid,no,no,Tue-Thu 7am-5pm,not stated,not stated,not stated,yes,0,0,no,no,a perfectionist and I like to follow the plans,"Says in the bio 'I can speak Spanish, Tagalog and English'. Worked in assisted living and memory care.","Care.com personal assistants, Oakland",https://www.care.com/personal-assistants/oakland-ca,2026-10-03
A089,Care.com,senior care,Oakland,aide,27,27,3,yes,yes,yes,no,no,yes,no,no,none,no,no,English,no,no,none named,CPR/First Aid,no,no,"6am-midnight, every day",not stated,not stated,not stated,yes,0,0,yes,no,"a patient, calm, and empathetic approach",,"Care.com personal assistants, Oakland",https://www.care.com/personal-assistants/oakland-ca,2026-10-03
A090,Care.com,senior care,Oakland,aide,30,30,3,yes,yes,yes,no,no,yes,no,no,none,yes,yes,English,no,no,none named,CPR; First Aid,no,no,not shown,not stated,not stated,not stated,yes,0,0,yes,no,"patient, calm, and detail-oriented caregiver",,"Care.com personal assistants, Oakland",https://www.care.com/personal-assistants/oakland-ca,2026-10-03
A091,Care.com,senior care,Oakland,aide,35,35,10,yes,yes,yes,no,no,yes,no,no,none,yes,no,"English, Armenian, Russian",no,no,none named,home health aide; CPR/First Aid; graduate degree,no,no,not shown,not stated,not stated,not stated,yes,0,0,yes,no,"patient, compassionate, and detail-oriented",,"Care.com personal assistants, Oakland",https://www.care.com/personal-assistants/oakland-ca,2026-10-03
A092,Care.com,senior care,Oakland,aide,18,18,2,yes,yes,yes,no,yes,yes,no,no,medical management or medication help,yes,no,"English, Chinese",no,no,none named,certified home health aide; CPR/First Aid; wound care,no,no,not shown,not stated,not stated,not stated,yes,0,2,yes,no,"patient, calm, and detail-oriented",,"Care.com personal assistants, Oakland",https://www.care.com/personal-assistants/oakland-ca,2026-10-03
A093,Care.com,senior care,Oakland,aide,20,20,6,yes,yes,yes,no,no,yes,no,no,none,no,no,"English, Chinese",no,no,none named,CNA; CPR/First Aid,no,no,not shown,not stated,not stated,not stated,yes,0,0,yes,no,a calm and patient demeanor,,"Care.com personal assistants, Oakland",https://www.care.com/personal-assistants/oakland-ca,2026-10-03
A094,Care.com,assistant and errands,Oakland,aide,35,50,8,no,no,no,no,no,yes,yes,no,none,yes,no,"English, Vietnamese",no,no,none named,associate's degree,no,no,full-time,not stated,not stated,not stated,yes,0,0,no,"yes, also has a senior care profile in this table",private chef and personal assistant for executives,"Assistant profile of the same person as the senior care row above. Calendar, bookings, travel plans, mail, errands, rides.","Care.com personal assistants, Oakland; Care.com personal assistants, Berkeley; Care.com personal assistants, Alameda",https://www.care.com/personal-assistants/oakland-ca,2026-10-03
A095,Care.com,assistant and errands,Oakland,aide,30,50,10,no,yes,no,no,no,yes,yes,no,none,yes,yes,"English, Spanish",yes,no,none named,bachelor's degree,no,no,part-time,not stated,not stated,not stated,yes,0,0,no,no,"experienced, reputable, personal assistant and organizer","Runs a licensed small business offering business, convenience and domestic services, on site and remotely. Offers a free 30-minute consult.","Care.com personal assistants, Oakland; Care.com personal assistants, Alameda",https://www.care.com/personal-assistants/oakland-ca,2026-10-03
A096,Care.com,assistant and errands,Oakland,aide,21,26,10,no,no,no,no,no,yes,no,no,none,yes,yes,English,no,no,none named,none listed,no,no,part-time,not stated,not stated,not stated,yes,0,0,no,no,"discreet, high-end errand services designed for busy professionals","Errands only, pitched as a concierge service for busy professionals, families and business owners.","Care.com personal assistants, Oakland; Care.com personal assistants, Berkeley",https://www.care.com/personal-assistants/oakland-ca,2026-10-03
A097,Care.com,assistant and errands,Oakland,aide,25,50,2,no,no,no,no,no,yes,no,no,none,no,no,English,no,no,none named,bachelor's degree,no,no,part-time,not stated,not stated,not stated,yes,0,0,no,no,highly organized and detail oriented,Was a household manager for one family for two years; says she has not been a personal assistant before.,"Care.com personal assistants, Oakland; Care.com personal assistants, Berkeley",https://www.care.com/personal-assistants/oakland-ca,2026-10-03
A098,Care.com,assistant and errands,Oakland,aide,20,40,10,no,no,no,no,no,yes,no,no,none,yes,yes,English,no,no,none named,bachelor's degree,no,no,part-time,not stated,not stated,not stated,yes,0,0,no,no,Professional with stellar references,"Private chef, family assistant, personal assistant and nanny for 23+ years.","Care.com personal assistants, Oakland; Care.com personal assistants, Berkeley; Care.com personal assistants, Alameda",https://www.care.com/personal-assistants/oakland-ca,2026-10-03
A099,Care.com,assistant and errands,Oakland,aide,25,35,10,no,no,no,no,no,yes,no,no,none,yes,no,"English, French",no,no,none named,bachelor's degree,no,no,part-time,not stated,not stated,not stated,yes,0,0,no,no,I love to do Errands & Odd Jobs,,"Care.com personal assistants, Oakland; Care.com personal assistants, Berkeley",https://www.care.com/personal-assistants/oakland-ca,2026-10-03
A100,Care.com,senior care,Berkeley,aide,25,30,10,yes,yes,yes,yes,yes,no,no,no,medical management or medication help,no,no,English,no,no,dementia; hospice,home health aide experience,no,no,live-in,not stated,not stated,not stated,yes,4,1,no,no,I treat every client like family,Bio says over 15 years. Specializes in live-in and end-of-life care.,"Care.com home care, Oakland; Care.com home care, Berkeley; Care.com home care, Alameda",https://www.care.com/home-care/oakland-ca,2026-10-03
A101,Care.com,senior care,Berkeley,aide,30,30,9,yes,yes,yes,no,no,yes,no,no,medical management or medication help,yes,no,English,no,no,dementia,CNA; home health aide experience; hospice experience,no,no,not shown,not stated,not stated,not stated,yes,0,0,no,no,extremely trustworthy compassionate and caring,Nurse's aide licensed in several states.,"Care.com home care, Oakland; Care.com home care, Berkeley; Care.com home care, Alameda",https://www.care.com/home-care/oakland-ca,2026-10-03
A102,Care.com,senior care,Berkeley,aide,27,30,10,yes,yes,yes,yes,yes,yes,no,no,medical management or medication help,yes,no,English,no,no,dementia; wound care,CNA; CPR/First Aid,no,no,"12 hours a day, 4-5 days a week, no weekends",12 hours,4-5,12,yes,2,0,no,no,"caring, passionate, articulate, and hardworking",Only wants 12-hour days.,"Care.com home care, Berkeley",https://www.care.com/home-care/berkeley-ca,2026-10-03
A103,Care.com,senior care,Berkeley,aide,20,20,10,yes,yes,yes,yes,yes,yes,no,no,medical management or medication help,yes,no,English,no,no,none named,home health aide experience; graduate degree,no,no,live-in offered,not stated,not stated,not stated,yes,0,0,no,no,dedicated and compassionate caregiver,Bio says over 11 years and medication reminders.,"Care.com home care, Berkeley; Care.com personal assistants, Berkeley",https://www.care.com/home-care/berkeley-ca,2026-10-03
A104,Care.com,senior care,Berkeley,aide,30,35,10,yes,yes,yes,yes,yes,yes,no,no,medical management or medication help,yes,no,English,no,no,Alzheimer's; dementia; cancer; stroke; diabetes; post-surgery recovery,CNA; home health aide experience; hospice; CPR/First Aid; wound care,no,no,"days, evenings and overnight, Mon-Sat",not stated,not stated,not stated,yes,6,1,no,no,I am a serious caregiver,"20 years. Takes clients to movies, museums and libraries, and bakes for them. Offers references and to share what she knows with families new to home care.","Care.com home care, Berkeley; Care.com personal assistants, Berkeley",https://www.care.com/home-care/berkeley-ca,2026-10-03
A105,Care.com,senior care,Berkeley,aide,28,28,6,yes,yes,yes,yes,yes,yes,no,no,medical management or medication help,yes,no,English,no,no,dementia,CPR/First Aid; home health aide experience; hospice; phlebotomy training,no,no,"6am-midnight, every day",not stated,not stated,not stated,yes,0,0,no,no,compassionate and dedicated caregiver and childcare professional,Also does childcare and works at a preschool.,"Care.com home care, Berkeley; Care.com home care, Alameda",https://www.care.com/home-care/berkeley-ca,2026-10-03
A106,Care.com,senior care,Berkeley,aide,40,40,10,yes,yes,yes,yes,yes,yes,no,no,medical management or medication help,yes,no,English,no,no,dementia,CNA; home health aide experience; hospice; CPR/First Aid,no,no,"6am-8pm, every day",not stated,not stated,not stated,yes,2,1,no,no,"kind, loving, patience, compassionate and empathetic",Bio says over 16 years. Calls her work 'non medical services'. Takes clients to doctor appointments.,"Care.com home care, Berkeley",https://www.care.com/home-care/berkeley-ca,2026-10-03
A107,Care.com,senior care,Berkeley,aide,26,50,7,yes,yes,yes,yes,no,yes,no,no,medical management or medication help,no,no,English,no,no,dementia,CPR/First Aid; some graduate school,no,no,not shown,not stated,not stated,not stated,yes,2,2,yes,no,"patient, calm, compassionate, and detail-oriented",Promises written daily reports.,"Care.com home care, Berkeley; Care.com home care, Alameda; Care.com personal assistants, Berkeley",https://www.care.com/home-care/berkeley-ca,2026-10-03
A108,Care.com,senior care,Berkeley,aide,33,33,6,no,yes,yes,no,no,yes,no,no,none,no,no,"English, Spanish",yes,no,none named,registered nurse; CPR/First Aid,no,no,"6am-midnight, every day",not stated,not stated,not stated,yes,1,0,yes,no,I bring clinical expertise to every home,,"Care.com personal assistants, Berkeley",https://www.care.com/personal-assistants/berkeley-ca,2026-10-03
A109,Care.com,senior care,Berkeley,aide,20,28,1,no,yes,no,no,yes,yes,no,no,medical management or medication help,yes,no,English,no,no,none named,college degree,no,no,not shown,not stated,not stated,not stated,yes,0,0,no,no,"conversation, emotional support, and meaningful engagement",,"Care.com personal assistants, Berkeley",https://www.care.com/personal-assistants/berkeley-ca,2026-10-03
A110,Care.com,senior care,Berkeley,aide,20,40,,no,yes,no,no,no,yes,no,no,medical management or medication help,no,yes,English,no,no,cancer; dementia,graduate degree,no,no,not shown,not stated,not stated,not stated,yes,0,0,no,no,compassionate and dedicated home care assistant,Experience is caring for relatives.,"Care.com personal assistants, Berkeley",https://www.care.com/personal-assistants/berkeley-ca,2026-10-03
A111,Care.com,senior care,Berkeley,aide,20,25,3,yes,yes,yes,yes,no,yes,no,no,medical management or medication help,yes,yes,"English, Chinese",no,no,diabetes; high blood pressure,none listed,no,no,"part-time, Mon-Thu 9:30am-2:30pm",not stated,not stated,not stated,yes,0,0,no,no,a gentle temperament and am an attentive listener,Keeps medication schedules and checks blood pressure and blood sugar.,"Care.com personal assistants, Berkeley",https://www.care.com/personal-assistants/berkeley-ca,2026-10-03
A112,Care.com,senior care,Berkeley,aide,30,30,10,yes,yes,yes,no,yes,yes,no,no,none,yes,no,English,no,no,none named,registered nurse; CNA; home health aide experience; CPR/First Aid,no,no,Mon-Thu 8am-midnight; Fri 8am-5pm,not stated,not stated,not stated,yes,1,1,no,no,compassionate and personalized care,Bio says over 15 years.,"Care.com personal assistants, Berkeley",https://www.care.com/personal-assistants/berkeley-ca,2026-10-03
A113,Care.com,senior care,Berkeley,aide,40,40,14,yes,yes,yes,no,yes,yes,no,no,medical management or medication help,yes,yes,English,no,no,cancer; stroke; Alzheimer's,CPR/First Aid; college degree,no,no,part-time,not stated,not stated,not stated,yes,0,0,no,no,No phone time during work,"Came to caregiving through years of caring for her own family. Says she is in the TrustLine registry, a fingerprint background check. Says of medication management, 'I have a great system'.","Care.com personal assistants, Berkeley",https://www.care.com/personal-assistants/berkeley-ca,2026-10-03
A114,Care.com,senior care,Berkeley,aide,30,30,5,yes,yes,yes,no,yes,no,no,no,medical management or medication help,no,no,"English, Tibetan, Hindi, Nepali",no,no,dementia,CNA; certified home health aide; graduate degree,no,no,every day 8am-5pm,not stated,not stated,not stated,yes,0,0,no,no,"compassionate, hardworking and professional","Names her languages in the bio and offers Tibetan, Indian and Nepali cooking.","Care.com personal assistants, Berkeley",https://www.care.com/personal-assistants/berkeley-ca,2026-10-03
A115,Care.com,senior care,Berkeley,aide,30,40,10,yes,yes,yes,no,yes,yes,no,no,medical management or medication help,yes,yes,"English, Spanish",yes,yes,Alzheimer's; terminal cancer; hospice,CNA,no,no,"6am-11pm, 7 days a week",not stated,not stated,not stated,yes,4,1,no,no,I'm also bilingual English and Spanish,Helps with doctor appointments.,"Care.com personal assistants, Berkeley",https://www.care.com/personal-assistants/berkeley-ca,2026-10-03
A116,Care.com,senior care,Berkeley,aide,27,27,1,yes,yes,no,yes,no,yes,no,no,medical management or medication help,yes,no,English,no,no,memory care,CPR; First Aid; wound care,no,no,part-time,not stated,not stated,not stated,no,1,0,yes,no,"patient, compassionate, friendly, and approachable",,"Care.com personal assistants, Berkeley",https://www.care.com/personal-assistants/berkeley-ca,2026-10-03
A117,Care.com,senior care,Berkeley,aide,30,30,1,yes,yes,yes,no,no,yes,no,no,none,yes,no,English,no,no,none named,CPR/First Aid,no,no,part-time,not stated,not stated,not stated,yes,0,0,yes,no,"a steady, friendly presence",,"Care.com personal assistants, Berkeley",https://www.care.com/personal-assistants/berkeley-ca,2026-10-03
A118,Care.com,senior care,Berkeley,aide,20,20,3,yes,yes,yes,yes,yes,yes,no,no,medical management or medication help,yes,no,English,no,no,none named,CPR/First Aid,no,no,part-time,not stated,not stated,not stated,yes,1,0,no,no,"caring, dependable, and responsible college student",Fits work around college classes. Bio says medication reminders and appointments.,"Care.com personal assistants, Berkeley",https://www.care.com/personal-assistants/berkeley-ca,2026-10-03
A119,Care.com,senior care,Berkeley,aide,20,30,6,yes,yes,yes,no,yes,yes,no,no,none,yes,no,English,no,no,none named,none listed,no,no,not shown,not stated,not stated,not stated,yes,0,0,no,no,"a caring, patient, and reliable caregiver",Also works with children and people with special needs.,"Care.com personal assistants, Berkeley",https://www.care.com/personal-assistants/berkeley-ca,2026-10-03
A120,Care.com,assistant and errands,Berkeley,aide,40,40,10,yes,yes,yes,no,yes,yes,no,no,medical management or medication help,yes,no,English,no,no,none named,graduate degree,no,no,part-time,not stated,not stated,not stated,yes,0,1,no,no,any job such as Personal Assistant/Caregiver,"15 years, mostly with private families. Calls her care 'non-medical services'. Offers references.","Care.com personal assistants, Berkeley; Care.com personal assistants, Alameda",https://www.care.com/personal-assistants/berkeley-ca,2026-10-03
A121,Care.com,assistant and errands,Berkeley,aide,35,40,10,yes,no,no,no,yes,yes,no,no,none,yes,yes,English,no,no,dementia,associate's degree,no,no,part-time,not stated,not stated,not stated,yes,2,2,no,no,"I work with seniors, some of whom have dementia","Runs a business helping people sell or donate belongings they have accumulated, and also offers senior care, concierge help and rides.","Care.com personal assistants, Berkeley",https://www.care.com/personal-assistants/berkeley-ca,2026-10-03
A122,Care.com,senior care,Alameda,aide,25,25,7,yes,yes,yes,no,yes,yes,no,no,none,yes,no,English,no,no,none named,CPR/First Aid,no,no,"part-time evenings, Tue-Thu",not stated,not stated,not stated,yes,3,0,yes,no,"an approachable, steady presence for your family",,"Care.com home care, Oakland; Care.com home care, Berkeley; Care.com home care, Alameda; Care.com personal assistants, Alameda",https://www.care.com/home-care/oakland-ca,2026-10-03
A123,Care.com,senior care,Alameda,aide,30,30,1,yes,yes,yes,yes,no,yes,no,no,medical management or medication help,no,no,English,no,no,none named,CNA; CPR/First Aid,no,no,live-in listed,not stated,not stated,not stated,yes,0,0,yes,no,"a calm, compassionate approach to every home",,"Care.com home care, Berkeley; Care.com home care, Alameda",https://www.care.com/home-care/berkeley-ca,2026-10-03
A124,Care.com,senior care,Alameda,aide,20,40,5,no,no,yes,no,no,no,no,no,medical management or medication help,yes,yes,English,no,no,dementia; hospice; stroke,nurse trained abroad; college degree,no,no,part-time,not stated,not stated,not stated,yes,0,0,no,no,friendly dependable professional who takes pride in helping others,Says she wants a position with a home care organization. Reliable car with insurance and a valid license.,"Care.com home care, Berkeley; Care.com home care, Alameda",https://www.care.com/home-care/berkeley-ca,2026-10-03
A125,Care.com,senior care,Alameda,aide,17,25,,yes,yes,yes,yes,yes,yes,no,no,medical management or medication help,yes,no,"English, Spanish",yes,no,dementia; hospice; wound care,nursing student; CNA; CPR/First Aid; bachelor degree,no,no,not shown,not stated,not stated,not stated,yes,0,0,no,no,how to provide both safety and companionship,A nursing student.,"Care.com home care, Berkeley; Care.com home care, Alameda",https://www.care.com/home-care/berkeley-ca,2026-10-03
A126,Care.com,senior care,Alameda,aide,30,30,10,yes,yes,yes,yes,no,no,no,no,medical management or medication help,no,no,English,no,no,none named,First Aid; college degree,no,no,"7 days a week, 6am-midnight",not stated,not stated,not stated,yes,3,0,yes,no,"patient, calm, compassionate, and detail-oriented",,"Care.com home care, Alameda; Care.com personal assistants, Alameda",https://www.care.com/home-care/alameda-ca,2026-10-03
A127,Care.com,senior care,Alameda,aide,30,30,3,yes,yes,no,yes,no,no,no,no,medical management or medication help,yes,no,English,no,no,none named,CPR/First Aid; college degree,no,no,any day 6am-midnight,not stated,not stated,not stated,yes,0,0,yes,no,"a professional, detail-oriented approach",,"Care.com home care, Alameda",https://www.care.com/home-care/alameda-ca,2026-10-03
A128,Care.com,senior care,Alameda,aide,28,28,15,yes,yes,yes,yes,no,yes,no,no,medical management or medication help,yes,yes,English,no,no,stroke; diabetes; dementia; palliative care,nursing and clinical background; college degree,no,no,not shown,not stated,not stated,not stated,yes,0,0,no,no,strong background in Nursing/Clinical Care,"Names medication management, vital signs, wound care help and special diets. Takes clients to medical appointments and outings.","Care.com home care, Alameda",https://www.care.com/home-care/alameda-ca,2026-10-03
A129,Care.com,senior care,Alameda,aide,30,30,8,yes,yes,yes,yes,yes,yes,no,no,medical management or medication help,yes,no,English,no,no,none named,EMT; BLS; CPR/First Aid; college degree,no,no,"6am-midnight, every day",not stated,not stated,not stated,yes,0,0,no,no,"dependable, compassionate caregiver with a background in education",Currently a teacher who wants to move into caregiving.,"Care.com personal assistants, Alameda",https://www.care.com/personal-assistants/alameda-ca,2026-10-03
A130,Care.com,senior care,Alameda,aide,49,49,10,yes,yes,yes,no,no,yes,no,no,none,yes,no,English,no,no,memory care,CNA; certified home health aide; CPR/First Aid,no,no,"6am-midnight, every day",not stated,not stated,not stated,yes,2,0,yes,no,28 years of experience as a Certified Nursing Assistant,,"Care.com personal assistants, Alameda",https://www.care.com/personal-assistants/alameda-ca,2026-10-03
A131,Care.com,senior care,Alameda,aide,28,28,15,yes,yes,yes,yes,no,no,no,no,medical management or medication help,no,yes,English,no,no,dementia; Alzheimer's; hospice,CNA; phlebotomist; college degree,no,no,not shown,not stated,not stated,not stated,yes,0,0,no,no,"direct, honest, faith-led, and optimistic","Wants 'a consistent, long-term position'. Says she works 'within the care plan and caregiver scope of practice'.","Care.com personal assistants, Alameda",https://www.care.com/personal-assistants/alameda-ca,2026-10-03
A132,Care.com,senior care,Alameda,aide,50,50,5,yes,yes,yes,no,no,yes,no,no,none,yes,no,"English, French",no,no,none named,CPR/First Aid; graduate degree,no,no,"6am-midnight, every day",not stated,not stated,not stated,yes,0,0,yes,no,my patient and calm demeanor,,"Care.com personal assistants, Alameda",https://www.care.com/personal-assistants/alameda-ca,2026-10-03
A133,Care.com,senior care,Alameda,aide,28,28,1,yes,yes,yes,no,yes,yes,no,no,none,yes,yes,English,no,no,none named,certified home health aide,no,no,not shown,not stated,not stated,not stated,yes,0,0,yes,no,My calm and patient demeanor,Promises written daily reports.,"Care.com personal assistants, Alameda",https://www.care.com/personal-assistants/alameda-ca,2026-10-03
A134,Care.com,senior care,Alameda,aide,23,23,3,yes,yes,no,no,no,no,no,no,none,no,no,English,no,no,none named,CPR,no,no,"6am-midnight, every day",not stated,not stated,not stated,yes,0,0,yes,no,"a patient, calm, and detail-oriented approach",,"Care.com personal assistants, Alameda",https://www.care.com/personal-assistants/alameda-ca,2026-10-03
A135,Care.com,senior care,Alameda,aide,17,17,1,yes,yes,yes,no,no,yes,no,no,none,no,no,English,no,no,none named,CPR/First Aid,no,no,part-time,not stated,not stated,not stated,yes,0,0,yes,no,"a calm, patient, and empathetic demeanor",,"Care.com personal assistants, Alameda",https://www.care.com/personal-assistants/alameda-ca,2026-10-03
A136,Care.com,senior care,Alameda,aide,27,27,10,yes,yes,yes,yes,yes,yes,no,no,none,yes,no,English,no,no,dementia,CNA; certified home health aide; end of life doula; CPR/First Aid,no,no,not shown,not stated,not stated,not stated,yes,0,0,yes,no,"a calm, detail-oriented approach to every home I enter",Bio says 20+ years. Transfers and Hoyer lift.,"Care.com personal assistants, Alameda",https://www.care.com/personal-assistants/alameda-ca,2026-10-03
A137,Care.com,senior care,Alameda,aide,35,35,10,yes,yes,yes,yes,yes,yes,no,no,medical management or medication help,no,no,"English, Tongan",no,no,hospice,CPR/First Aid; hospice experience,no,no,Mon-Sat 8am-5pm,not stated,not stated,not stated,yes,4,1,no,no,"naturally compassionate, empathetic and kind",,"Care.com personal assistants, Alameda",https://www.care.com/personal-assistants/alameda-ca,2026-10-03
A138,Care.com,assistant and errands,Alameda,aide,33,50,10,no,yes,no,no,no,yes,yes,no,none,yes,no,English,no,no,none named,none listed,no,no,part-time,not stated,not stated,not stated,yes,0,0,no,no,20+ years experience as a Bay Area Household Manager,"Household manager, personal assistant and nanny. Lists 'administrative tasks' and organization projects. Asks for mileage reimbursement on errands.","Care.com personal assistants, Berkeley; Care.com personal assistants, Alameda",https://www.care.com/personal-assistants/berkeley-ca,2026-10-03
A139,Care.com,assistant and errands,Alameda,aide,40,45,6,no,no,no,no,no,yes,yes,no,none,yes,yes,"English, Spanish",yes,no,none named,registered nurse; bachelor's degree,no,no,part-time,not stated,not stated,not stated,yes,0,0,no,no,"highly organized, dependable","A registered nurse who works part-time at a hospital. The pitch is mostly pet care, plus 'personal tasks' and managing 'estate responsibilities'. References on request.","Care.com personal assistants, Alameda",https://www.care.com/personal-assistants/alameda-ca,2026-10-03
