zip,city,area,residents_65plus,residents_75plus,residents_85plus,live_alone_65plus,live_alone_men_65plus,live_alone_women_65plus,group_quarters_65plus,selfcare_65plus,indep_living_difficulty_65plus,hh65_total,median_income_65plus_hh,median_income_men_alone_65plus,median_income_women_alone_65plus,owner_hh65,renter_hh65,lang65_total,english_only_65plus,spanish_65plus,spanish_limited_english_65plus,asian_pacific_65plus,asian_pacific_limited_english_65plus,hh65_no_vehicle,hh65_with_vehicle,tech65_total,no_computer_65plus,computer_no_internet_65plus,broadband_65plus,hh65_income_from_0k,hh65_income_from_10k,hh65_income_from_15k,hh65_income_from_20k,hh65_income_from_25k,hh65_income_from_30k,hh65_income_from_35k,hh65_income_from_40k,hh65_income_from_45k,hh65_income_from_50k,hh65_income_from_60k,hh65_income_from_75k,hh65_income_from_100k,hh65_income_from_125k,hh65_income_from_150k,hh65_income_from_200k
94501,Alameda,"Alameda, main island",10926,4277,1908,2860,803,2057,713,803,1671,6150,69740,46518.0,35225.0,3538,2612,10926,7185,486,160,2531,1972,1036,5114,10213,799,380,8997,238,450,250,256,283,384,240,198,180,240,406,747,564,374,508,832
94502,Alameda,"Alameda, Bay Farm Island",2898,1105,323,551,151,400,1,99,299,1683,136054,96250.0,,1613,70,2898,1762,103,0,991,624,12,1671,2897,43,66,2788,182,0,11,0,20,12,10,50,34,53,30,223,143,169,233,513
94601,Oakland,"Oakland, Fruitvale",6660,2609,878,1154,528,626,360,800,1254,3626,41107,22632.0,14710.0,1753,1873,6660,2914,2115,1278,1382,1188,752,2874,6300,728,372,5200,189,548,174,313,197,225,82,224,63,163,299,231,285,146,196,291
94602,Oakland,"Oakland, Glenview / Dimond",5939,2298,639,1459,519,940,146,565,814,3602,88351,50718.0,66944.0,2601,1001,5939,4211,432,244,1071,809,601,3001,5793,491,212,5090,157,273,150,62,130,53,104,50,72,218,248,536,350,132,474,593
94603,Oakland,"Oakland, Elmhurst",3420,1209,291,839,396,443,69,395,643,2004,53648,14688.0,21719.0,1170,834,3420,2169,893,667,269,234,372,1632,3351,408,416,2527,163,221,167,33,100,59,69,57,74,176,158,221,100,114,216,76
94605,Oakland,"Oakland, East Oakland hills",7019,2714,854,1353,575,778,64,313,841,4153,84621,38583.0,31563.0,3418,735,7019,5516,765,278,549,314,395,3758,6955,368,489,6066,220,143,193,213,108,62,210,54,93,151,354,563,368,372,522,527
94606,Oakland,"Oakland, San Antonio / Eastlake",5512,2318,759,1564,682,882,244,772,1488,3089,33565,,14509.0,1040,2049,5512,2262,481,277,2567,2472,1264,1825,5268,645,443,4157,321,546,185,300,121,87,218,73,92,200,241,176,95,93,106,235
94607,Oakland,"Oakland, West Oakland / Chinatown",3849,1648,500,1355,570,785,93,556,935,2591,24362,23375.0,13830.0,959,1632,3849,1784,198,92,1763,1365,1209,1382,3756,681,442,2624,396,486,168,308,88,92,99,55,78,53,114,210,143,106,54,141
94608,Oakland,Emeryville / North Oakland,3609,1431,470,1266,603,663,66,361,526,2412,48580,,45133.0,1264,1148,3609,2351,405,69,539,428,662,1750,3543,306,97,3140,148,443,105,206,45,36,25,132,91,117,190,162,178,90,166,278
94609,Oakland,"Oakland, Temescal",2578,850,342,795,263,532,197,145,259,1773,64763,40365.0,42667.0,1085,688,2578,2145,190,62,150,116,345,1428,2381,192,83,2106,79,101,55,81,79,98,26,54,62,75,279,219,134,51,123,257
94610,Oakland,"Oakland, Grand Lake",5725,2472,837,1855,713,1142,192,274,828,3608,102315,64978.0,57045.0,2079,1529,5725,4109,317,106,916,611,686,2922,5533,254,359,4912,106,162,98,94,56,152,70,88,113,219,278,343,275,248,573,733
94611,Oakland,"Oakland, Montclair / Piedmont",8708,4040,991,2810,866,1944,215,290,691,5760,110769,44118.0,54808.0,4041,1719,8708,7291,192,73,809,590,983,4777,8493,251,267,7975,353,209,121,288,164,95,186,175,82,181,445,448,313,371,594,1735
94612,Oakland,"Oakland, downtown",3338,1626,716,1796,719,1077,181,539,733,2632,19241,14901.0,14145.0,254,2378,3338,1605,63,41,1553,1393,1834,798,3157,326,326,2505,336,841,163,318,36,267,68,0,6,75,74,111,110,49,96,82
94618,Oakland,"Oakland, Rockridge",3849,1721,321,1255,406,849,13,210,282,2559,120179,80750.0,72422.0,1999,560,3849,3296,151,46,141,64,353,2206,3836,125,110,3601,89,60,102,56,42,61,46,37,9,154,153,220,328,104,453,645
94619,Oakland,"Oakland, Laurel / Redwood Heights",4408,1812,281,1062,274,788,140,318,519,2830,75556,64000.0,48889.0,2315,515,4408,3051,312,47,860,705,356,2474,4268,203,204,3844,120,57,25,152,118,95,103,34,102,326,277,264,214,202,285,456
94621,Oakland,"Oakland, Coliseum area",2979,1160,274,914,304,610,133,360,726,1974,35195,20913.0,18967.0,949,1025,2979,1789,778,544,363,252,624,1350,2846,316,363,2155,151,181,283,87,203,77,78,109,119,156,97,120,174,46,56,37
94702,Berkeley,"Berkeley, west",3198,1345,412,1219,450,769,68,402,561,2390,49167,,29229.0,1255,1135,3198,2650,170,84,208,52,748,1642,3130,374,153,2603,141,244,148,96,126,237,48,86,87,273,105,207,106,94,128,264
94703,Berkeley,"Berkeley, central / south",3187,1415,283,931,440,491,84,440,544,1982,76974,24605.0,58990.0,1296,686,3187,2424,231,64,248,204,351,1631,3103,57,87,2959,169,66,127,119,82,60,45,20,17,111,145,288,176,91,192,274
94704,Berkeley,"Berkeley, downtown / campus",1273,502,175,498,209,289,63,105,225,852,90583,49886.0,69803.0,381,471,1273,1062,1,0,67,67,338,514,1210,20,50,1140,20,112,22,52,27,0,4,24,11,57,53,67,39,167,24,173
94705,Berkeley,"Berkeley, Claremont / Elmwood",3723,1449,390,824,262,562,144,115,223,2278,129250,52174.0,84000.0,1893,385,3723,3297,90,27,208,124,163,2115,3579,67,82,3430,84,47,8,28,64,18,53,65,7,73,271,224,168,109,274,785
94707,Berkeley,"Berkeley, north hills",3874,1716,450,832,198,634,2,122,332,2267,153185,93846.0,69667.0,2151,116,3874,3194,136,0,274,28,122,2145,3872,156,65,3651,49,32,31,28,108,40,5,25,30,53,131,161,237,195,295,847
94708,Berkeley,Berkeley hills,3327,1473,228,650,227,423,0,134,239,2105,167292,103472.0,80250.0,1941,164,3327,2734,189,29,102,49,52,2053,3327,9,67,3251,59,18,28,20,46,27,19,39,19,45,150,193,145,110,252,935
94709,Berkeley,"Berkeley, north",1808,768,232,648,246,402,68,86,222,1288,98472,46250.0,70278.0,693,595,1808,1389,62,10,60,10,156,1132,1740,98,140,1492,20,118,34,10,76,0,90,8,6,127,47,163,84,108,156,241
94710,Berkeley,"Berkeley, waterfront",1481,508,161,505,134,371,42,45,139,968,86250,,96827.0,596,372,1481,1190,214,59,36,19,103,865,1439,82,21,1336,41,12,52,12,45,0,59,41,57,67,65,87,85,33,160,152
