post_id,site,category,city,area,posted_by,who_needs_help,older_adult,title,job_type,schedule_as_posted,days_per_week,hours_per_visit_low,hours_per_visit_high,hours_per_week,hours_basis,visit_under_4_hours,pay_low,pay_high,minimum_hours_stated,meals,housekeeping,personal_care,mobility_help,companionship,errands_shopping,paperwork_admin,tech_help,medication,drive_client,own_transport_or_license,language,conditions_named,their_words,notes,read_from,found_in,source_url,checked,posted,helper_word,wants,replies_point_to
C01,Berkeley Parents Network,recent question (2016 to 2026),El Cerrito,other East Bay,family,other relative,yes,Searching for part-time caregiver for grandparents,part time,a few hours per day,,,,,stated in post,not clear,,,not stated,no,no,no,yes,no,no,no,no,no,yes,not stated,none asked,stroke; hip replacement,"occasional car transfers and appointments, walking around the house",Grandparents in their mid-70s. Also help with physical therapy exercises.,full post,"Berkeley Parents Network, In-Home Assistance & Support for Elders",https://www.berkeleyparentsnetwork.org/questions/searching-part-time-caregiver-grandparents,2026-10-04,2026-08,caregiver,individual,Care.com
C02,Berkeley Parents Network,recent question (2016 to 2026),not stated,not stated,family,parent,yes,How to find a Helper / Admin / Caregiver for elder parent,not stated,not stated (one task takes 2 hours every two weeks),,,,,stated in post,not clear,,,not stated,yes,no,no,no,no,yes,yes,yes,more than reminders,yes,not stated,none asked,chronic illness that limits physical capacity,Caregiver feels beyond what she needs at the moment.,"The clearest blend request found. Parent is about 80. The list: preparing prescriptions and supplements in two-week batches, grocery shopping and meals, dog walking, clearing out the home to downsize, driving to doctors appointments, 'help with decision making' and 'tech organization'. Imagines a stay-at-home parent or a college student doing it.",full post,"Berkeley Parents Network, In-Home Assistance & Support for Elders",https://www.berkeleyparentsnetwork.org/questions/helper-admin-caregiver-mix-helper-elder-parent,2026-10-04,2026-05,helper,individual,estatejobs.com; Ashby Village; college students
C03,Berkeley Parents Network,recent question (2016 to 2026),not stated,not stated,family,parent,yes,Seeking advice on hiring home health aide for aging parent,not stated,not stated,,,,,not shown,not clear,,,not stated,no,no,no,no,no,no,no,no,no,no,not stated,none asked,knee surgery recovery,We have been advised against going through agencies.,Father is in skilled nursing after surgery; wants support for when he comes home. No tasks listed.,full post,"Berkeley Parents Network, In-Home Assistance & Support for Elders",https://www.berkeleyparentsnetwork.org/questions/seeking-advice-hiring-home-health-aide-aging-parent,2026-10-04,2025-01,home health aide,individual,"general advice (home health referral, ask the doctor)"
C04,Berkeley Parents Network,recent question (2016 to 2026),not stated,not stated,family,other relative,yes,Recommendations for in home support for 80 year old,part time,two days a week (~4 hours),2,4,4,8,stated in post,no,,,not stated,yes,yes,no,no,yes,no,no,no,no,no,not stated,none asked,age-related medical issues (not named),"helping around the house, making food and hanging out with her","Mother-in-law, about 80.",full post,"Berkeley Parents Network, In-Home Assistance & Support for Elders",https://www.berkeleyparentsnetwork.org/questions/recommendations-home-support-80-year-old,2026-10-04,2024-09,someone,not stated,Ashby Village
C05,Berkeley Parents Network,recent question (2016 to 2026),not stated,not stated,family,other relative,yes,Help Finding Care for Father in Law,not stated,not stated,,,,,not shown,not clear,,,not stated,no,no,no,no,no,no,no,no,no,no,not stated,none asked,strokes; forgetful,I would like to find care for an aging family member.,"Asks for someone to help the family work out care options on a tight budget, not for a helper's tasks. The topic page lists 8 replies.",topic page text only (the post's own page would not open),"Berkeley Parents Network, In-Home Assistance & Support for Elders",https://www.berkeleyparentsnetwork.org/advice/elder/inhome,2026-10-04,2024-08,a knowledgeable person,not stated,Medi-Cal information; geriatric social worker; placement or broker service
C06,Berkeley Parents Network,recent question (2016 to 2026),not stated,not stated,family,other relative,yes,In-home care for family member with Parkinson's,full time,9am-3pm,,6,6,,stated in post,no,,,not stated,yes,yes,no,yes,yes,no,no,no,no,no,not stated,none asked,Parkinson's,"help with meal prep, getting in and out of bed, laundry, dishes",Mother-in-law. Calls 9am-3pm 'full-time'. Also wants her encouraged to go out.,full post,"Berkeley Parents Network, In-Home Assistance & Support for Elders",https://www.berkeleyparentsnetwork.org/questions/home-care-family-member-parkinsons,2026-10-04,2023-10,in-home care,agency,home care agency; PACE program
C07,Berkeley Parents Network,recent question (2016 to 2026),Berkeley,Berkeley / Oakland / Alameda,family,parent,yes,Caregiver agencies for elderly parent,part time,2-3x/wk,2.5,,,,stated in post,not clear,,,not stated,no,yes,no,no,yes,no,no,no,no,no,not stated,none asked,none named,mainly needs companionship and light housekeeping,Parent lives independently. Worried about reliability and scheduling. The topic page lists 5 replies.,topic page text only (the post's own page would not open),"Berkeley Parents Network, In-Home Assistance & Support for Elders",https://www.berkeleyparentsnetwork.org/advice/elder/inhome,2026-10-04,2023-03,caregiver,agency,home care agency; an individual caregiver; placement service
C08,Berkeley Parents Network,recent question (2016 to 2026),Berkeley,Berkeley / Oakland / Alameda,family,parent,yes,Seeking advice on in-home care for elderly mother,live-in,has daytime caregivers 9am-9pm; wants a live-in person to check on her 1-3 times a night,,,,,stated in post,not clear,,,not stated,yes,no,yes,no,no,no,no,no,reminders,no,not stated,none asked,mild cognitive impairment,"help with cooking, bathing, and reminders about taking medicine, changing clothes","Mother is 96, Elmwood area. Wants to cut the cost of round-the-clock care by having someone live in rent free.",full post,"Berkeley Parents Network, In-Home Assistance & Support for Elders",https://www.berkeleyparentsnetwork.org/questions/seeking-advice-home-care-elderly-mother,2026-10-04,2023-02,caregivers,individual,Ashby Village
C09,Berkeley Parents Network,recent question (2016 to 2026),not stated,not stated,family,parent,yes,Home care for elderly mom -- recommendations?,part time,once a week? once every two weeks?,1,,,,stated in post,not clear,,,not stated,no,no,yes,yes,yes,no,no,no,no,no,not stated,none asked,mobility problems; fall risk; afraid to leave the house,making a friend wouldn't hurt either,Wants help with personal care from someone sensitive to her discomfort with strangers. Has long-term care insurance.,full post,"Berkeley Parents Network, In-Home Assistance & Support for Elders",https://www.berkeleyparentsnetwork.org/questions/home-care-elderly-mom-recommendations,2026-10-04,2023-01,someone,agency,home care agency; home health therapy
C10,Berkeley Parents Network,recent question (2016 to 2026),not stated,not stated,family,parent,yes,Looking for part-time caregiver for father with Alzheimer's,part time,5-10 hours a week,,,,7.5,stated in post,not clear,,,not stated,no,no,no,no,no,no,no,no,no,no,not stated,none asked,Alzheimer's,Many of the elder care companies require a minimum of 20 hours/week,Wants an individual because agencies would not take so few hours. No tasks listed.,full post,"Berkeley Parents Network, In-Home Assistance & Support for Elders",https://www.berkeleyparentsnetwork.org/questions/looking-part-time-caregiver-father-alzheimers,2026-10-04,2021-10,part-time in home caregiver,individual,Care.com; home care agency; ask the doctor or a social worker
C11,Berkeley Parents Network,recent question (2016 to 2026),San Jose / Milpitas,other Bay Area (South Bay),family,other relative,yes,"Short-term, full-time elderly care",live-in,"about two weeks, full-time or live-in",,,,,stated in post,no,,,not stated,no,no,no,no,no,no,no,no,no,no,not stated,Mandarin,none named,"short-term, full-time/live-in",Grandmother. Outside the East Bay. No tasks listed.,full post,"Berkeley Parents Network, In-Home Assistance & Support for Elders",https://www.berkeleyparentsnetwork.org/questions/short-term-full-time-elderly-care,2026-10-04,2019-01,senior caregiver,individual,Sittercity; Chinese community centers and newspapers
C12,Berkeley Parents Network,recent question (2016 to 2026),not stated,not stated,family,other relative,yes,Older parent in home care,not stated,not stated,,,,,not shown,not clear,,,not stated,no,no,yes,yes,no,no,no,no,not clear,no,not stated,none asked,limited mobility,will need assistance in daily care needs and has limited mobility,Father-in-law in his late 90s; his wife has been caring for him. Takes medications.,full post,"Berkeley Parents Network, In-Home Assistance & Support for Elders",https://www.berkeleyparentsnetwork.org/questions/older-parent-home-care,2026-10-04,2017-12,in home care,agency,home care agencies; Family Caregiver Alliance; senior center; Ashby Village; Medi-Cal information
C13,Berkeley Parents Network,recent question (2016 to 2026),Berkeley,Berkeley / Oakland / Alameda,family,parent,yes,Urgently Seeking Live In Help for elderly disabled Parent,live-in,live-in,,,,,stated in post,no,,,not stated,yes,yes,yes,no,no,yes,no,no,no,no,not stated,none asked,episodes of weakness,"meal prep and clean up, light house cleaning, laundry, groceries","Paid through In Home Supportive Services (IHSS). Wants a 'sweet, kind, quiet, clean, and considerate female'.",full post,"Berkeley Parents Network, In-Home Assistance & Support for Elders",https://www.berkeleyparentsnetwork.org/questions/urgently-seeking-live-help-elderly-disabled-parent,2026-10-04,2017-06,home health aide,individual,home care agency
C14,Berkeley Parents Network,recent question (2016 to 2026),not stated,not stated,family,parent,yes,ELDER CARE FOR FATHER,not stated,not stated,,,,,not shown,not clear,,,not stated,no,no,no,no,no,no,no,no,no,no,not stated,none asked,Parkinson's,recommendations for elder care for our father,Father lives at home. No tasks listed.,full post,"Berkeley Parents Network, In-Home Assistance & Support for Elders",https://www.berkeleyparentsnetwork.org/questions/elder-care-father,2026-10-04,2017-04,elder care,not stated,Ashby Village
C15,Berkeley Parents Network,recent question (2016 to 2026),Berkeley,Berkeley / Oakland / Alameda,family,parent,yes,Seeking Driver for Hire for Mom,part time,"5-7 hours/week, 2-3 times a week",2.5,2,3,6,stated in post,yes,,,not stated,no,no,no,no,yes,yes,no,no,no,yes,not stated,French preferred,none named,run errands and have occasional outings,"Mother is 82, North Berkeley. Wants a 'trustworthy, reliable, responsible and excellent, safe driver'. Visit length worked out from 5-7 hours over 2-3 visits.",full post,"Berkeley Parents Network, In-Home Assistance & Support for Elders",https://www.berkeleyparentsnetwork.org/questions/seeking-driver-hire-mom,2026-10-04,2016-09,driver for hire,individual,Care.com
C16,Berkeley Parents Network,archived question (2004 to 2011),not stated,not stated,family,parent,yes,Companion/driver for mom in skilled nursing facility,part time,once or twice a week,1.5,,,,stated in post,not clear,,,not stated,no,no,no,no,yes,no,no,no,no,yes,not stated,none asked,uses a wheelchair,take my mother out once or twice a week for a fee,Mother is bored by the facility's activities.,topic page (archived text),"Berkeley Parents Network, In-Home Assistance & Support for Elders",https://www.berkeleyparentsnetwork.org/advice/elder/inhome,2026-10-04,2011-10,companion/driver,not stated,agencies
C17,Berkeley Parents Network,archived question (2004 to 2011),Walnut Creek,other East Bay,family,parent,yes,Live-in elder care needed (Rossmoor Walnut Creek),live-in,live-in,,,,,stated in post,no,,,not stated,yes,no,yes,yes,no,yes,no,no,no,yes,not stated,none asked,physical weakness that comes and goes,"help with basic needs like dressing, getting up from a chair or bed",Mother is 82.,topic page (archived text),"Berkeley Parents Network, In-Home Assistance & Support for Elders",https://www.berkeleyparentsnetwork.org/advice/elder/inhome,2026-10-04,2011-10,caregiver,not stated,agencies; nonprofit
C18,Berkeley Parents Network,archived question (2004 to 2011),not stated,not stated,family,other relative,yes,Care taker for elderly mother-in-law,not stated,not stated,,,,,not shown,not clear,,,not stated,no,no,yes,no,no,no,no,no,no,no,not stated,none asked,uses a wheelchair,someone to take care of my elderly mother in law. She is on a wheelchair,,topic page (archived text),"Berkeley Parents Network, In-Home Assistance & Support for Elders",https://www.berkeleyparentsnetwork.org/advice/elder/inhome,2026-10-04,2011-01,care taker,not stated,
C19,Berkeley Parents Network,archived question (2004 to 2011),not stated,not stated,family,other relative,yes,Help with Forgetful Elderly Parent's Meds,not stated,not stated,,,,,not shown,not clear,,,not stated,no,no,no,no,no,no,no,no,not clear,no,not stated,none asked,Parkinson's; dementia,complicated medication regimen (having to take pills 7 or 8 times per day),Mother-in-law. Wants a way to make sure pills are taken on time.,topic page (archived text),"Berkeley Parents Network, In-Home Assistance & Support for Elders",https://www.berkeleyparentsnetwork.org/advice/elder/inhome,2026-10-04,2010-04,not stated,not stated,agencies; pill dispensing devices; general advice
C20,Berkeley Parents Network,archived question (2004 to 2011),Berkeley,Berkeley / Oakland / Alameda,family,parent,yes,My 84 year old mother needs in-home attendant,part time,3-4 nights from 8:30 pm to 8:30 a.m.,3.5,12,12,42,stated in post,no,,,not stated,yes,no,yes,yes,no,no,no,no,not clear,no,not stated,none asked,cancer; arthritis,help 3-4 nights from 8:30 pm to 8:30 a.m.,"North Berkeley. Overnight help getting to the commode, a snack, dressing, keeping an eye on medications.",topic page (archived text),"Berkeley Parents Network, In-Home Assistance & Support for Elders",https://www.berkeleyparentsnetwork.org/advice/elder/inhome,2026-10-04,2010-01,in-home attendant,not stated,nonprofit geriatric services
C21,Berkeley Parents Network,archived question (2004 to 2011),San Francisco,San Francisco / Peninsula / Marin,family,other relative,yes,Home care options for aging/ailing in-laws,live-in,24/7 care,,,,,stated in post,no,,,not stated,yes,no,no,no,no,no,no,no,no,no,not stated,none asked,frail; falls; pneumonia,"need 24/7 care for my MIL, possibly permanently",The topic page shows 7 replies.,topic page (archived text),"Berkeley Parents Network, In-Home Assistance & Support for Elders",https://www.berkeleyparentsnetwork.org/advice/elder/inhome,2026-10-04,2009-06,home health care attendant,not stated,village organization; agencies; care managers; nonprofits
C22,Berkeley Parents Network,archived question (2004 to 2011),Berkeley,Berkeley / Oakland / Alameda,family,parent,yes,How to find someone to help my elderly parent,not stated,during the day,,,,,stated in post,not clear,,,not stated,no,no,no,no,no,no,no,no,not clear,no,not stated,none asked,none named,help with taking medicine and general assistance during the day,Mother in her late 80s.,topic page (archived text),"Berkeley Parents Network, In-Home Assistance & Support for Elders",https://www.berkeleyparentsnetwork.org/advice/elder/inhome,2026-10-04,2009-05,someone,not stated,agencies; registries; nonprofits; care managers
C23,Berkeley Parents Network,archived question (2004 to 2011),not stated,not stated,family,other relative,yes,Finding a helper for aging aunt,part time,part time (hours not stated),,,,,stated in post,not clear,,,not stated,yes,no,no,no,yes,yes,no,no,not clear,yes,not stated,none asked,memory loss,"supervise the taking of medications, and help her manage the daily things of life","Aunt is physically fit but losing her memory. Groceries, cooking and driving.",topic page (archived text),"Berkeley Parents Network, In-Home Assistance & Support for Elders",https://www.berkeleyparentsnetwork.org/advice/elder/inhome,2026-10-04,2008-11,helper,not stated,nonprofits; support groups; general advice
C24,Berkeley Parents Network,archived question (2004 to 2011),Berkeley,Berkeley / Oakland / Alameda,family,other relative,yes,Taking care of very ill grandfather at home,not stated,not stated,,,,,not shown,not clear,,,not stated,no,no,no,no,no,no,no,no,no,no,not stated,none asked,cardiac arrest; pneumonia; feeding tube,phys therapist & nurse visit the home,"North Berkeley. A medical home health request, outside nonmedical help.",topic page (archived text),"Berkeley Parents Network, In-Home Assistance & Support for Elders",https://www.berkeleyparentsnetwork.org/advice/elder/inhome,2026-10-04,2008-04,nurse and physical therapist,not stated,hospital social workers; nonprofits
C25,Berkeley Parents Network,archived question (2004 to 2011),not stated,not stated,family,other relative,yes,How to find trustworthy person to help in-laws in home?,not stated,not stated,,,,,not shown,not clear,,,not stated,yes,no,no,no,yes,yes,no,no,no,no,not stated,none asked,Alzheimer's,"help out with daily living, cooking, shopping, etc.",In-laws aged 86 and 81. Also wants to give the mother-in-law some time off from caring.,topic page (archived text),"Berkeley Parents Network, In-Home Assistance & Support for Elders",https://www.berkeleyparentsnetwork.org/advice/elder/inhome,2026-10-04,2007-07,trustworthy person,not stated,care advisor
C26,Berkeley Parents Network,archived question (2004 to 2011),not stated,not stated,family,other relative,yes,In-home care for seniors and/or terminally ill,not stated,not stated,,,,,not shown,not clear,,,not stated,no,no,no,no,yes,no,no,no,no,no,not stated,fluent English,cancer,with an acute need for in-home care,Aging parents and a seriously ill brother in San Francisco. Tasks not spelled out.,topic page (archived text),"Berkeley Parents Network, In-Home Assistance & Support for Elders",https://www.berkeleyparentsnetwork.org/advice/elder/inhome,2026-10-04,2006-09,in-home care,not stated,hospice organizations; nonprofits; general advice
C27,Berkeley Parents Network,archived question (2004 to 2011),Walnut Creek,other East Bay,family,parent,yes,"Caregiver to help my father with errands, appointments",not stated,split shift or live-in,,,,,stated in post,not clear,,,not stated,no,yes,no,yes,no,yes,no,no,no,yes,not stated,none asked,limited mobility,"take him to medical appointments, run errands and do basic housekeeping",Rossmoor. Also transfers from bed to walker. Prefers hiring privately over an agency because of cost.,topic page (archived text),"Berkeley Parents Network, In-Home Assistance & Support for Elders",https://www.berkeleyparentsnetwork.org/advice/elder/inhome,2026-10-04,2006-05,caregiver,individual,county agency; general advice
C28,Berkeley Parents Network,archived question (2004 to 2011),San Leandro,"bordering (Emeryville, San Leandro)",family,other relative,yes,Help at home for father in law with dementia,part time,"three times a week, 6 hour shifts",3,6,6,18,stated in post,no,,,not stated,no,no,yes,no,no,no,no,no,more than reminders,no,not stated,none asked,dementia,"help him bathe, keep him clean, and be able to give him medication",,topic page (archived text),"Berkeley Parents Network, In-Home Assistance & Support for Elders",https://www.berkeleyparentsnetwork.org/advice/elder/inhome,2026-10-04,2004-12,caregiver,not stated,hospital social workers; agencies; county resources
