name,areas_listed,publishes_hourly_price,minimum_visit,hands_on_care,errands,rides_for_clients,medication_reminders,tech_help,paperwork_help,spanish_speaking,notes,source_url,checked
Visiting Angels Alameda,"Alameda, Oakland, Piedmont, Berkeley, Castro Valley",not stated,not stated,yes,yes,yes,not stated,not stated,not stated,not stated,,https://www.visitingangels.com/alameda/homecare-services,2026-10-03
Senior Helpers of Alameda,"Alameda, Castro Valley, San Leandro, Oakland",not stated,not stated,yes,yes,not stated,not stated,not stated,not stated,not stated,,https://www.seniorhelpers.com/ca/alameda/,2026-10-03
Seniors Helping Seniors Alameda,"Oakland, Alameda, Piedmont, Montclair",not stated,not stated,yes,yes,yes,yes,not stated,not stated,not stated,Page notes services may vary by location,https://locations.seniorshelpingseniors.com/ca/oakland/286.html,2026-10-03
Right at Home Alameda County,Oakland and Alameda County,not stated,not stated,yes,not stated,yes,yes,not stated,not stated,not stated,Lists 'Technology Enhanced Care' with no details; not counted as help with a client's own devices,https://www.rightathome.net/alameda-county/about-us/areas-served/oakland,2026-10-03
Premier Homecare Angels,Alameda,not stated,not stated,yes,not stated,yes,yes,not stated,not stated,not stated,Service area taken from the search listing; the page itself does not name cities,https://phangels.com/,2026-10-03
AEC Home Care,"Alameda, Oakland, San Leandro, Castro Valley, Hayward, Piedmont",not stated,not stated,yes,not stated,not stated,yes,not stated,not stated,not stated,,https://www.aechomecare.com/,2026-10-03
Alice Home Care,"Alameda and Contra Costa counties, including Oakland, Berkeley, San Leandro",not stated,not stated,not stated,not stated,not stated,not stated,not stated,not stated,not stated,Page read lists no specific services; a testimonial mentions Cantonese caregivers,https://alicehomecare.com/,2026-10-03
Beacon Home Care,"Oakland, Oakland Hills, Piedmont, Montclair, Alameda, Berkeley and more",not stated,No minimum,yes,yes,yes,yes,not stated,not stated,not stated,States 'No hourly minimums',https://beaconhomecare.com/in-home-care-oakland/,2026-10-03
Hillendale Home Care,Montclair and Alameda County,not stated,not stated,yes,yes,yes,yes,not stated,not stated,not stated,,https://hillendalehomecare.com/areas-served/alameda-county/montclair,2026-10-03
J&M Homecare Services,Oakland and other East Bay cities,not stated,not stated,yes,yes,yes,not stated,not stated,not stated,not stated,,https://jmhomecare.com/area/oakland/,2026-10-03
All Seasons Homecare,Oakland and other East Bay cities,not stated,not stated,yes,not stated,not stated,yes,not stated,not stated,not stated,,https://all-seasons-homecare.com/oakland-senior-home-care-services/,2026-10-03
CareBuilders at Home East Bay,Alameda County,not stated,No minimum,yes,yes,yes,yes,not stated,not stated,not stated,"States 'no minimum hours requirement' for personal assistant services; offers its own TV video-call product, not counted as help with a client's own devices",https://www.carebuildersathome.com/east-bay/,2026-10-03
FirstLight Home Care Alameda,"Alameda, Oakland, Berkeley, Emeryville, Piedmont and more",not stated,not stated,yes,yes,not stated,not stated,not stated,not stated,not stated,Mentions matching for 'cultural or language barriers' but names no language,https://www.firstlighthomecare.com/home-healthcare-alameda/,2026-10-03
Home Instead Oakland,"Oakland, Berkeley, Piedmont, Emeryville, San Leandro and more",not stated,not stated,yes,yes,yes,yes,not stated,not stated,yes,States 'Many of our Care Pros speak Spanish'; rides described as accompaniment to errands and appointments,https://www.homeinstead.com/home-care/usa/ca/oakland/272/,2026-10-03
ComForCare East Bay,"Berkeley, Castro Valley, Oakland, San Leandro, Hayward, Alameda",not stated,not stated,yes,yes,yes,yes,not stated,not stated,not stated,,https://www.comforcare.com/california/alameda/in-home-care/,2026-10-03
