post_id,site,category,city,area,posted_by,who_needs_help,older_adult,title,job_type,schedule_as_posted,days_per_week,hours_per_visit_low,hours_per_visit_high,hours_per_week,hours_basis,visit_under_4_hours,pay_low,pay_high,minimum_hours_stated,meals,housekeeping,personal_care,mobility_help,companionship,errands_shopping,paperwork_admin,tech_help,medication,drive_client,own_transport_or_license,language,conditions_named,their_words,notes,read_from,found_in,source_url,checked
F001,Care.com,senior care,Oakland,Berkeley / Oakland / Alameda,family,not stated,yes,Dependable Senior Companion/Caregiver - Full-Time,full time,about 40 hrs/week with occasional weekends; Mon-Fri 8am-5pm,5,8,8,40,stated in post,no,25,28,not stated,yes,yes,no,no,yes,yes,yes,no,more than reminders,not stated,yes,conversational English required,diabetes,"medication preparation/reminders and supervision, and occasional appointment coordination",Also asks for cat feeding and litter box. Valid driver's license required.,full post,"senior care jobs, Oakland; senior care jobs, Alameda; senior care jobs, Berkeley",https://www.care.com/job/seniorcare/ca/oakland/36731855-dependable-senior-companion-caregiver-full-time,2026-10-03
F002,Care.com,senior care,Oakland,Berkeley / Oakland / Alameda,family,self,not stated,Double Shoulder Dislocation - Basic Help,part time,flexible on timing; shift length 1.5-2 hours; Wed morning,1,1.5,2,,stated in post,yes,20,35,not stated,no,yes,no,no,no,no,no,no,no,not stated,not stated,none asked,shoulder injury,I tore both shoulders and can only lift 1 pound,Looks like the same person as the next row (two posts for one need). Also asks for help taping a shoulder.,full post,"senior care jobs, Oakland; senior care jobs, Alameda; senior care jobs, Berkeley",https://www.care.com/job/seniorcare/ca/oakland/36706270-double-shoulder-dislocation-basic-help,2026-10-03
F003,Care.com,senior care,Oakland,Berkeley / Oakland / Alameda,family,self,not stated,Household Help During Injury,part time,"flexible on timing and shift length, ideally an hour or two",,1,2,,stated in post,yes,28,30,not stated,no,yes,no,no,no,yes,no,no,no,not stated,not stated,none asked,shoulder injury,"Flexible on timing and shift length, ideally an hour or two",Looks like the same person as the row above (two posts for one need).,full post,"senior care jobs, Oakland; senior care jobs, Alameda; senior care jobs, Berkeley",https://www.care.com/job/seniorcare/ca/oakland/36731171-household-help-during-injury,2026-10-03
F004,Care.com,senior care,Oakland,Berkeley / Oakland / Alameda,family,not stated,yes,Seeking Senior Care Provider In Oakland,part time,Tue and Thu 7am-2pm; starts Jan 1,2,7,7,14,exact times in schedule,no,18,24,not stated,yes,no,yes,yes,yes,no,no,no,no,not stated,yes,none asked,mobility condition getting worse,"light part-time assistance in the short term, evolving towards more involved full-time care",Also asks for help staying physically active.,full post,"senior care jobs, Oakland; senior care jobs, Alameda; senior care jobs, Berkeley; personal assistant jobs, Oakland; personal assistant jobs, Berkeley; personal assistant jobs, Alameda",https://www.care.com/job/seniorcare/ca/oakland/36375624-seeking-senior-care-provider-in-oakland,2026-10-03
F005,Care.com,senior care,Oakland,Berkeley / Oakland / Alameda,family,not stated,yes,Seeking Full-time Senior Care Provider In Oakland - Timing To Be Decided. Not Immediately.,full time,"Mon-Fri, 6am-6pm blocks",5,,,,site time blocks only,not clear,18,28,not stated,no,yes,yes,yes,no,no,no,no,more than reminders,not stated,yes,none asked,none named,experience with managing and administering medication is required,,full post,"senior care jobs, Oakland; senior care jobs, Alameda; personal assistant jobs, Oakland; personal assistant jobs, Alameda",https://www.care.com/job/seniorcare/ca/oakland/36673259-seeking-full-time-senior-care-provider-in-oakland-timing-to-be-decided-not-immediately,2026-10-03
F006,Care.com,senior care,Oakland,Berkeley / Oakland / Alameda,family,not stated,yes,Seeking Full-time Senior Care Provider In Oakland,full time,"Tue-Sat, 6am-6pm blocks",5,,,,site time blocks only,not clear,25,30,not stated,yes,no,no,yes,yes,no,no,no,more than reminders,not stated,not stated,none asked,dementia; uses a wheelchair,He needs assistance standing and sitting down so the person has to be able to do that,Meals are already prepared; the helper serves them and gives medication.,full post,"senior care jobs, Oakland; senior care jobs, Alameda; senior care jobs, Berkeley; personal assistant jobs, Oakland; personal assistant jobs, Berkeley; personal assistant jobs, Alameda",https://www.care.com/job/seniorcare/ca/oakland/36755137-seeking-full-time-senior-care-provider-in-oakland,2026-10-03
F007,Care.com,senior care,Oakland,Berkeley / Oakland / Alameda,family,not stated,yes,Seeking Full-time Senior Care Provider In Oakland,full time,"Mon, Tue, Wed, Fri 10am-3pm; Thu and Sun 10am-6:30pm",6,5,8.5,37,exact times in schedule,no,25,30,not stated,yes,yes,yes,yes,yes,no,no,no,more than reminders,not stated,not stated,none asked,none named,Help is needed with bathing and toileting throughout the day,Says 'Completion of a W-9 is required' (a tax form for independent workers) and that the job is not live-in.,full post,"senior care jobs, Oakland; senior care jobs, Alameda; senior care jobs, Berkeley; personal assistant jobs, Oakland; personal assistant jobs, Berkeley",https://www.care.com/job/seniorcare/ca/oakland/36760369-seeking-full-time-senior-care-provider-in-oakland,2026-10-03
F008,Care.com,senior care,Oakland,Berkeley / Oakland / Alameda,family,parent,yes,Companion Care Needed For My Mother In Oakland,part time,not shown,,,,,not shown,not clear,18,22,not stated,no,yes,yes,no,yes,no,no,no,no,not stated,not stated,none asked,none named,companion care in Oakland for my mother in her 80s,"The post was taken down before I could open it, so only the listing snippet was read.",listing snippet only (post removed),"senior care jobs, Oakland",https://www.care.com/job/seniorcare/ca/oakland/36589741-companion-care-needed-for-my-mother-in-oakland,2026-10-03
F009,Care.com,senior care,Oakland,Berkeley / Oakland / Alameda,family,spouse,not stated,Live-in Home Care Needed For My Wife In Oakland,live-in,"live-in, 7 days a week; starts Nov 1",7,,,,stated in post,not clear,23,30,not stated,yes,yes,yes,yes,yes,yes,no,no,more than reminders,yes,yes,none asked,none named,"We're looking for meal preparation, mostly breakfast & dinner",Rides to some doctor appointments. Prefers CPR / first-aid training.,full post,"senior care jobs, Oakland; senior care jobs, Alameda; senior care jobs, Berkeley",https://www.care.com/job/seniorcare/ca/oakland/36598474-live-in-home-care-needed-for-my-wife-in-oakland,2026-10-03
F010,Care.com,senior care,Oakland,Berkeley / Oakland / Alameda,family,other relative,not stated,Companion Care Needed For My Loved One In Oakland,full time,not shown,,,,,not shown,not clear,26,35,not stated,yes,yes,no,no,yes,yes,no,no,no,yes,not stated,none asked,none named,Willing to work around kids and animals,"The post was taken down before I could open it, so only the listing snippet was read.",listing snippet only (post removed),"senior care jobs, Oakland",https://www.care.com/job/seniorcare/ca/oakland/36623548-companion-care-needed-for-my-loved-one-in-oakland,2026-10-03
F011,Care.com,senior care,Oakland,Berkeley / Oakland / Alameda,family,parent,yes,Hands-on Care Needed For My Father In Oakland,one time,"short term, two week commitment; starts Nov 9",,,,,not shown,not clear,18,35,not stated,yes,no,yes,yes,yes,no,no,no,no,not stated,not stated,Mandarin or Cantonese a bonus (he is fluent in English),dementia; Parkinson's,He mostly needs companionship/someone to keep an eye on him/talk with him,"May need help with incontinence. Wants experience with Parkinson's, dementia and fall risk.",full post,"senior care jobs, Oakland; senior care jobs, Alameda; senior care jobs, Berkeley",https://www.care.com/job/seniorcare/ca/oakland/36636440-hands-on-care-needed-for-my-father-in-oakland,2026-10-03
F012,Care.com,senior care,Oakland,Berkeley / Oakland / Alameda,family,spouse,not stated,Hands-on Care Needed For My Husband In Oakland,part time,"Tue, 12pm-6pm block",1,,,,site time blocks only,not clear,18,20,not stated,no,no,yes,no,no,no,no,no,no,not stated,not stated,none asked,none named,"Bath, Dressing, minimal cleanup related to patient",Asks for a male helper 'with friendly attitude'.,full post,"senior care jobs, Oakland; senior care jobs, Alameda; senior care jobs, Berkeley",https://www.care.com/job/seniorcare/ca/oakland/36652321-hands-on-care-needed-for-my-husband-in-oakland,2026-10-03
F013,Care.com,senior care,Oakland,Berkeley / Oakland / Alameda,family,parent,yes,Companion Care Needed For My Mother In Oakland,full time,"Mon-Fri, 6am-6pm blocks",5,,,,site time blocks only,not clear,20,25,not stated,yes,no,no,no,yes,no,no,no,no,yes,not stated,none asked,memory loss,Someone who is ok both with silence and with pleasant conversation,"Ideal activities named: driving somewhere, conversation, making a simple meal.",full post,"senior care jobs, Oakland; senior care jobs, Berkeley",https://www.care.com/job/seniorcare/ca/oakland/36732347-companion-care-needed-for-my-mother-in-oakland,2026-10-03
F014,Care.com,senior care,Oakland,Berkeley / Oakland / Alameda,family,parent,not stated,Hands-on Care Needed For My Mother In Oakland,full time,"Thu-Sun, midnight-12pm blocks",4,,,,site time blocks only,not clear,18,30,not stated,yes,no,yes,yes,no,no,no,no,no,not stated,not stated,none asked,limited movement; recovering strength,will need someone strong to change and bath her,"Diaper changes, heavy lifting, encouragement to do physical therapy.",full post,"senior care jobs, Oakland; senior care jobs, Alameda; senior care jobs, Berkeley; personal assistant jobs, Oakland; personal assistant jobs, Berkeley; personal assistant jobs, Alameda",https://www.care.com/job/seniorcare/ca/oakland/36672744-hands-on-care-needed-for-my-mother-in-oakland,2026-10-03
F015,Care.com,senior care,Emeryville,"bordering (Emeryville, San Leandro)",family,self,not stated,Help Comb My Knee Length Long Thick Hair Every Week,full time (as listed),a few hours every week; flexible,1,,,,stated in post,not clear,30,35,not stated,no,no,yes,no,no,no,no,no,no,not stated,yes,none asked,none named,someone who is patient and gentle,"Grooming only (combing long hair). Listed as full time, but the post asks for a few hours a week.",full post,"senior care jobs, Oakland; senior care jobs, Alameda; senior care jobs, Berkeley",https://www.care.com/job/seniorcare/ca/emeryville/36602910-help-comb-my-knee-length-long-thick-hair-every-week,2026-10-03
F016,Care.com,senior care,Emeryville,"bordering (Emeryville, San Leandro)",family,parent,yes,Seeking Part-time Senior Care Provider In Emeryville,part time,8:15-10:15 a.m. Mon-Thu or Tue-Fri,4,2,2,8,stated in post,yes,25,26,not stated,yes,yes,yes,yes,yes,no,no,no,more than reminders,not stated,yes,none asked,declining health; uses a wheelchair,someone who is willing and able to help with all self care,"Also wants blood pressure and blood sugar taken and recorded, diaper changes and heavy lifting.",full post,"senior care jobs, Oakland; senior care jobs, Alameda; senior care jobs, Berkeley; personal assistant jobs, Oakland; personal assistant jobs, Berkeley; personal assistant jobs, Alameda",https://www.care.com/job/seniorcare/ca/emeryville/36600523-seeking-part-time-senior-care-provider-in-emeryville,2026-10-03
F017,Care.com,senior care,Berkeley,Berkeley / Oakland / Alameda,family,parent,yes,Hands-on Care Needed For Our Mother In Berkeley,full time,"cooking six days a week; Sun-Fri, 6am-6pm blocks",6,,,,site time blocks only,not clear,28,32,not stated,yes,yes,yes,yes,yes,yes,no,no,reminders,yes,yes,Mandarin required,Parkinson's; father is blind,"patient, compassionate, responsible, and trustworthy",Two parents (87 and 90). Driving to local medical appointments twice a week.,full post,"senior care jobs, Oakland; senior care jobs, Alameda; senior care jobs, Berkeley; personal assistant jobs, Oakland; personal assistant jobs, Berkeley; personal assistant jobs, Alameda",https://www.care.com/job/seniorcare/ca/berkeley/36647991-hands-on-care-needed-for-our-mother-in-berkeley,2026-10-03
F018,Care.com,senior care,Orinda,other East Bay,family,not stated,yes,Seeking Full Time Senior Care Provider In Orinda,full time,"every day, midnight-6:30am block",7,,,,site time blocks only,not clear,17,27,not stated,yes,yes,yes,yes,yes,yes,no,no,more than reminders,yes,yes,none asked,none named,You'll be responsible for transporting to/from appointments and must have CA Drivers License,,full post,"senior care jobs, Oakland; senior care jobs, Alameda; senior care jobs, Berkeley; personal assistant jobs, Oakland; personal assistant jobs, Berkeley; personal assistant jobs, Alameda",https://www.care.com/job/seniorcare/ca/orinda/36517581-seeking-full-time-senior-care-provider-in-orinda,2026-10-03
F019,Care.com,senior care,Berkeley,Berkeley / Oakland / Alameda,family,parent,yes,Hands-on Care Needed For My Father In Berkeley,part time,"Mon-Fri, 6am-12pm blocks",5,,,,site time blocks only,not clear,20,40,not stated,no,no,yes,yes,no,no,no,no,no,not stated,not stated,none asked,dementia; bedridden,she needs help bathing him and changing his bedding,The mother is the main caregiver and needs help moving him.,full post,"senior care jobs, Oakland; senior care jobs, Alameda; senior care jobs, Berkeley",https://www.care.com/job/seniorcare/ca/berkeley/36721550-hands-on-care-needed-for-my-father-in-berkeley,2026-10-03
F020,Care.com,senior care,Orinda,other East Bay,family,adult child,no,Seeking Part-time Adult Care Provider In Orinda,part time,pick up at 2:30pm and spend 3-4 hours; flexible on days,,3,4,,stated in post,some visits,29,36,not stated,no,no,yes,no,yes,no,no,no,no,yes,yes,none asked,developmental delay,"someone who is willing to be active (walks, visiting parks, stores, etc.)","For a 21-year-old son, not an older adult.",full post,"senior care jobs, Oakland; senior care jobs, Alameda; senior care jobs, Berkeley",https://www.care.com/job/seniorcare/ca/orinda/36668793-seeking-part-time-adult-care-provider-in-orinda,2026-10-03
F021,Care.com,senior care,Alameda,Berkeley / Oakland / Alameda,family,parent,yes,Hands-on Care Needed For My Father In Alameda,part time,"Mon, Wed, Fri, 12pm-6pm blocks",3,,,,site time blocks only,not clear,18,30,not stated,yes,yes,yes,yes,yes,yes,no,no,no,yes,not stated,none asked,early dementia; mobility problems,would need someone who can help bear their weight,Two parents (94 and 78). Rides to medical appointments or errands 'possibly'.,full post,"senior care jobs, Oakland; senior care jobs, Alameda; senior care jobs, Berkeley; personal assistant jobs, Oakland; personal assistant jobs, Berkeley; personal assistant jobs, Alameda",https://www.care.com/job/seniorcare/ca/alameda/36692045-hands-on-care-needed-for-my-father-in-alameda,2026-10-03
F022,Care.com,senior care,Emeryville,"bordering (Emeryville, San Leandro)",family,self,not stated,Seeking Adult Care Provider In Emeryville,one time,one day; starts Dec 22,1,,,,not shown,not clear,21,31,not stated,no,no,no,no,no,no,no,no,no,yes,not stated,none asked,surgery,I need assistance with getting to my hotel and arranging transportation,,full post,"senior care jobs, Oakland; senior care jobs, Alameda; senior care jobs, Berkeley; personal assistant jobs, Oakland; personal assistant jobs, Berkeley; personal assistant jobs, Alameda",https://www.care.com/job/seniorcare/ca/emeryville/36535586-seeking-adult-care-provider-in-emeryville,2026-10-03
F023,Care.com,senior care,Castro Valley,other East Bay,family,not stated,yes,Seeking Part-time Senior Care Provider In Castro Valley,part time,"Sat, 12pm-midnight block",1,,,,site time blocks only,not clear,17,27,not stated,yes,yes,no,no,yes,yes,no,no,no,not stated,not stated,none asked,cancer treatment,it would be nice to have a care giver who has a good sense of humor,,full post,"senior care jobs, Oakland",https://www.care.com/job/seniorcare/ca/castro-valley/36753710-seeking-part-time-senior-care-provider-in-castro-valley,2026-10-03
F024,Care.com,senior care,Lafayette,other East Bay,family,not stated,yes,Seeking Full-time Senior Care Provider In Lafayette,full time,"every day, all hours",7,,,,site time blocks only,not clear,30,35,not stated,yes,yes,yes,yes,yes,no,no,no,no,yes,yes,none asked,no movement on the right side,If you CANNOT support the weight above please do not apply,"Transfers from bed to commode, wheelchair and car.",full post,"senior care jobs, Oakland; senior care jobs, Berkeley",https://www.care.com/job/seniorcare/ca/lafayette/36331039-seeking-full-time-senior-care-provider-in-lafayette,2026-10-03
F025,Care.com,senior care,Berkeley,Berkeley / Oakland / Alameda,family,not stated,yes,Seeking Part-time Senior Care Provider In Berkeley,full time (as listed),"'The schedule is flexible'; every day, 6am-midnight blocks",,,,,site time blocks only,not clear,20,40,not stated,yes,yes,yes,yes,no,yes,no,no,no,yes,not stated,none asked,late stage cancer; nephrostomy tubes,"Duties include transportation (doctor's appointments, errands, etc.)",Title says part-time; the site lists it as full time.,full post,"senior care jobs, Oakland; senior care jobs, Alameda; senior care jobs, Berkeley; personal assistant jobs, Oakland; personal assistant jobs, Berkeley; personal assistant jobs, Alameda",https://www.care.com/job/seniorcare/ca/berkeley/36701863-seeking-part-time-senior-care-provider-in-berkeley,2026-10-03
F026,Care.com,senior care,Berkeley,Berkeley / Oakland / Alameda,family,self,not stated,Hands-on Care Needed For Myself In Berkeley,part time,"Wed, 12pm-6pm block",1,,,,site time blocks only,not clear,20,30,not stated,yes,yes,no,yes,no,yes,no,no,no,yes,not stated,none asked,trouble walking and climbing stairs,"Trouble walking, climbing steps and stairs",,full post,"senior care jobs, Oakland; senior care jobs, Alameda; senior care jobs, Berkeley; personal assistant jobs, Oakland; personal assistant jobs, Berkeley; personal assistant jobs, Alameda",https://www.care.com/job/seniorcare/ca/berkeley/36599217-hands-on-care-needed-for-myself-in-berkeley,2026-10-03
F027,Care.com,senior care,Berkeley,Berkeley / Oakland / Alameda,family,self,not stated,Housekeeping Support Post Surgery,part time,"temporary, about two months; most likely up to 12 hours a week",,,,12,stated in post,not clear,20,40,not stated,no,yes,no,no,no,yes,no,no,no,not stated,yes,none asked,surgery recovery,"Must have a car, a license, and current insurance",Third-floor apartment. Must be scent free and wear a mask.,full post,"senior care jobs, Oakland; senior care jobs, Alameda; senior care jobs, Berkeley; personal assistant jobs, Oakland; personal assistant jobs, Berkeley",https://www.care.com/job/seniorcare/ca/berkeley/36617350-housekeeping-support-post-surgery,2026-10-03
F028,Care.com,senior care,San Leandro,"bordering (Emeryville, San Leandro)",family,not stated,not stated,Seeking Part-time Adult Care Provider In San Leandro,part time,"Tue and Thu, 12pm-6pm blocks",2,,,,site time blocks only,not clear,15,25,not stated,no,no,yes,yes,no,no,no,no,no,not stated,not stated,none asked,none named,Please have experience assisting with feeding,,full post,"senior care jobs, Oakland; senior care jobs, Alameda; personal assistant jobs, Oakland; personal assistant jobs, Alameda",https://www.care.com/job/seniorcare/ca/san-leandro/36705807-seeking-part-time-adult-care-provider-in-san-leandro,2026-10-03
F029,Care.com,senior care,Berkeley,Berkeley / Oakland / Alameda,family,self,no,Middle Aged Man With Physical Disability Needs Some Help Around The House,part time,"two or three hours a visit; Mon, Tue, Thu, Fri 12:30-3:30pm",4,2,3,12,stated in post,yes,19,45,not stated,yes,yes,yes,no,no,no,yes,yes,no,not stated,yes,none asked,physical disability affecting hands and legs,"bathing/lighthouse work/meal prep/computer work (writing emails, Internet)",In his 50s. Asks for replies only from IHSS providers (the county's in-home care program).,full post,"senior care jobs, Oakland; senior care jobs, Alameda; senior care jobs, Berkeley",https://www.care.com/job/seniorcare/ca/berkeley/36589640-middle-aged-man-with-physical-disability-needs-some-help-around-the-house,2026-10-03
F030,Care.com,senior care,Alameda,Berkeley / Oakland / Alameda,family,not stated,not stated,Seeking Full-time Adult Care Provider In Alameda,full time,"every day, all hours; starts Oct 7",7,,,,site time blocks only,not clear,18,30,not stated,no,no,yes,yes,no,no,no,no,reminders,not stated,yes,none asked,multiple system atrophy; in hospice care,Very patient and caring,,full post,"senior care jobs, Oakland; senior care jobs, Alameda; senior care jobs, Berkeley; personal assistant jobs, Oakland; personal assistant jobs, Berkeley; personal assistant jobs, Alameda",https://www.care.com/job/seniorcare/ca/alameda/36675124-seeking-full-time-adult-care-provider-in-alameda,2026-10-03
F031,Care.com,senior care,San Leandro,"bordering (Emeryville, San Leandro)",family,parent,yes,Part-Time Caregiver Needed (Weekend & Midweek Help) In San Leandro,part time,"Sat and Sun, two shifts: 11:30am-1:30pm and 6:30-8:30pm; also Mon and Wed 11:30am-1:30pm",4,2,2,,stated in post,yes,25,27,not stated,yes,yes,yes,yes,no,no,no,no,no,not stated,yes,clear English,heart issues,"likes her privacy, so we need someone calm and respectful",Mother is 89. Female helper preferred.,full post,"senior care jobs, Oakland; senior care jobs, Alameda",https://www.care.com/job/seniorcare/ca/san-leandro/36686902-part-time-caregiver-needed-weekend-midweek-help-in-san-leandro,2026-10-03
F032,Care.com,senior care,Hayward,other East Bay,family,parent,yes,Live-In Caregiver Needed For Senior In Private Home In Hayward,live-in,live-in with a private bedroom; exact schedule negotiable,7,,,,stated in post,not clear,22,25,not stated,yes,yes,yes,yes,yes,no,no,no,reminders,not stated,not stated,none asked,none named,"a kind, reliable live-in caregiver and companion","Asks for 2 years of experience, a clean background, and First Aid and CPR.",full post,"senior care jobs, Oakland; personal assistant jobs, Oakland",https://www.care.com/job/seniorcare/ca/hayward/36549157-live-in-caregiver-needed-for-senior-in-private-home-in-hayward,2026-10-03
F033,Care.com,senior care,Alameda,Berkeley / Oakland / Alameda,family,not stated,not stated,Seeking Part-time Adult Care Provider In Alameda,part time,"Mon, Tue, Wed, 6am-12pm blocks",3,,,,site time blocks only,not clear,18,28,not stated,no,no,yes,no,no,no,no,no,no,not stated,not stated,none asked,none named,Some help needed with bathing,,full post,"senior care jobs, Oakland; senior care jobs, Alameda; senior care jobs, Berkeley; personal assistant jobs, Oakland; personal assistant jobs, Berkeley; personal assistant jobs, Alameda",https://www.care.com/job/seniorcare/ca/alameda/36692778-seeking-part-time-adult-care-provider-in-alameda,2026-10-03
F034,Care.com,senior care,Berkeley,Berkeley / Oakland / Alameda,family,parent,not stated,Seeking Full-time Adult Care Provider In Berkeley,full time (as listed),"Mon-Sat, 6am-6pm blocks",6,,,,site time blocks only,not clear,20,40,not stated,no,no,no,yes,yes,no,no,no,no,not stated,not stated,none asked,none named,a caregiver that will sit with my parent while I run errands,Respite sitting: staying with a parent while the family member is out.,full post,"senior care jobs, Oakland; senior care jobs, Berkeley; personal assistant jobs, Oakland; personal assistant jobs, Berkeley",https://www.care.com/job/seniorcare/ca/berkeley/36701477-seeking-full-time-adult-care-provider-in-berkeley,2026-10-03
F035,Care.com,senior care,San Leandro,"bordering (Emeryville, San Leandro)",family,not stated,not stated,Seeking Part-time Adult Care Provider In San Leandro,part time,Sat-Wed 5pm-10pm (home is in Castro Valley),5,5,5,25,exact times in schedule,no,20,26,not stated,yes,no,yes,no,yes,no,no,no,no,yes,yes,none asked,locked-in syndrome,"Candidates need to be registed with IHSS, or register upon employment",Paid through IHSS (the county's in-home care program).,full post,"senior care jobs, Oakland; senior care jobs, Alameda",https://www.care.com/job/seniorcare/ca/san-leandro/36733308-seeking-part-time-adult-care-provider-in-san-leandro,2026-10-03
F036,Care.com,senior care,Berkeley,Berkeley / Oakland / Alameda,family,self,yes,Hands-on Care Needed For Myself In Berkeley,part time,every day 10am-1pm (Sun 11am-2pm),7,3,3,21,exact times in schedule,yes,30,30,not stated,yes,yes,yes,yes,no,no,no,no,no,not stated,yes,none asked,none named,Help needed for myself in my 70s - seeking part-time hands-on care,Prefers a non-smoker who is comfortable with pets and CPR / first-aid trained.,full post,"senior care jobs, Oakland; senior care jobs, Alameda; senior care jobs, Berkeley; personal assistant jobs, Oakland; personal assistant jobs, Berkeley; personal assistant jobs, Alameda",https://www.care.com/job/seniorcare/ca/berkeley/36578701-hands-on-care-needed-for-myself-in-berkeley,2026-10-03
F037,Care.com,senior care,Moraga,other East Bay,family,self,not stated,Transport,full time (as listed),"Mon, Wed, Fri, 6am-6pm blocks",3,,,,site time blocks only,not clear,17,27,not stated,no,no,no,no,no,no,no,no,no,yes,yes,none asked,dialysis,"Seeking transport to my dyalisis, and return after I finish","Rides only, Moraga to Walnut Creek and back.",full post,"senior care jobs, Oakland; senior care jobs, Alameda; senior care jobs, Berkeley",https://www.care.com/job/seniorcare/ca/moraga/36753299-transport,2026-10-03
F038,Care.com,senior care,San Francisco,San Francisco / Peninsula / Marin,family,other relative,not stated,Companion Care Needed For My Loved One In San Francisco,part time,"Mon, Wed, Thu, 12pm-6pm blocks",3,,,,site time blocks only,not clear,20,25,not stated,yes,yes,no,no,no,yes,no,no,no,not stated,not stated,none asked,none named,Just a worker that can be consistent with coming every week,"For a sister: making sure she eats properly, cleaning, some errands.",full post,"senior care jobs, Oakland; senior care jobs, Alameda",https://www.care.com/job/seniorcare/ca/san-francisco/36703942-companion-care-needed-for-my-loved-one-in-san-francisco,2026-10-03
F039,Care.com,senior care,Berkeley,Berkeley / Oakland / Alameda,family,self,not stated,Companion Care Needed For Myself In Berkeley,full time (as listed),3-5 days a week (flexible to start); occasional overnights possible,3,,,,stated in post,not clear,30,30,not stated,yes,yes,no,no,yes,yes,no,no,reminders,yes,yes,none asked,Parkinson's,"home organization, meal prep, and good company",Occasional rides to appointments ('I still drive but may need help later'). Licensed driver with a clean record. Two dogs. Ceramics experience preferred.,full post,"senior care jobs, Oakland; senior care jobs, Berkeley",https://www.care.com/job/seniorcare/ca/berkeley/36692339-companion-care-needed-for-myself-in-berkeley,2026-10-03
F040,Care.com,senior care,Moraga,other East Bay,family,spouse,not stated,Seeking Full-time Adult Care Provider In Moraga. Spouse Had Alzheimers Diagnosis.,full time,"every day, midnight-6am block",7,,,,site time blocks only,not clear,17,27,not stated,yes,yes,no,no,yes,yes,no,no,no,yes,yes,none asked,Alzheimer's,Light housekeeping/cooking etc.,,full post,"senior care jobs, Oakland; senior care jobs, Alameda; senior care jobs, Berkeley",https://www.care.com/job/seniorcare/ca/moraga/36523372-seeking-full-time-adult-care-provider-in-moraga-spouse-had-alzheimers-diagnosis,2026-10-03
F041,Care.com,senior care,Alameda,Berkeley / Oakland / Alameda,family,spouse,not stated,Hands-on Care Needed For My Wife In Alameda,full time,40 paid hours/week with 30 minute unpaid break; Mon-Fri 9am-5:30pm,5,8,8,40,stated in post,no,22,28,not stated,no,no,yes,yes,yes,no,no,no,no,not stated,not stated,none asked,none named,Medical nursing skills are not required,Offered as a W-2 job with taxes withheld. Background check and references. Walks or wheelchair trips to the senior center two blocks away.,full post,"senior care jobs, Oakland; senior care jobs, Alameda; senior care jobs, Berkeley; personal assistant jobs, Oakland; personal assistant jobs, Berkeley; personal assistant jobs, Alameda",https://www.care.com/job/seniorcare/ca/alameda/36664456-hands-on-care-needed-for-my-wife-in-alameda,2026-10-03
F042,Care.com,senior care,Castro Valley,other East Bay,family,parent,yes,Seeking Part-time Senior Care Provider In Castro Valley,part time,'an as needed basis for the most part',,,,,stated in post,not clear,17,31,not stated,yes,yes,no,no,no,yes,no,no,no,yes,not stated,none asked,lymphedema,Someone who is a good listener and is empathetic,"Mostly household chores, and occasionally driving the parent to appointments.",full post,"senior care jobs, Oakland; personal assistant jobs, Oakland",https://www.care.com/job/seniorcare/ca/castro-valley/36678434-seeking-part-time-senior-care-provider-in-castro-valley,2026-10-03
F043,Care.com,senior care,Berkeley,Berkeley / Oakland / Alameda,family,spouse,yes,Hands-on Care Needed For My Husband In Berkeley,part time,"on the days the wife works; Tue, 6am-12pm block shown",,,,,site time blocks only,not clear,20,22,not stated,yes,yes,yes,yes,yes,yes,no,no,no,not stated,not stated,none asked,dementia,Someone who likes to hear stories,Husband is 93. The wife explains her own pay and writes 'sorry that I cannot afford to pay more'.,full post,"senior care jobs, Oakland; senior care jobs, Alameda; senior care jobs, Berkeley; personal assistant jobs, Oakland; personal assistant jobs, Berkeley",https://www.care.com/job/seniorcare/ca/berkeley/36629252-hands-on-care-needed-for-my-husband-in-berkeley,2026-10-03
F044,Care.com,senior care,San Leandro,"bordering (Emeryville, San Leandro)",family,other relative,not stated,Companion Care Needed For My Loved One In San Leandro,full time (as listed),"Mon, Wed, Fri, 6am-6pm blocks",3,,,,site time blocks only,not clear,15,30,not stated,yes,yes,no,no,yes,yes,no,no,no,not stated,not stated,none asked,anxiety,someone that is active and stern at times but calm at other times,,full post,"senior care jobs, Oakland; senior care jobs, Alameda",https://www.care.com/job/seniorcare/ca/san-leandro/36637432-companion-care-needed-for-my-loved-one-in-san-leandro,2026-10-03
F045,Care.com,senior care,Castro Valley,other East Bay,family,parent,not stated,Hands-on Care Needed For My Mother In Castro Valley,one time,not shown; starts Dec 1,,,,,not shown,not clear,17,38,not stated,no,no,yes,yes,no,no,no,no,no,not stated,not stated,Spanish,none named,"Spanish speaking, testing out the platform",,full post,"senior care jobs, Oakland; personal assistant jobs, Oakland",https://www.care.com/job/seniorcare/ca/castro-valley/36683013-hands-on-care-needed-for-my-mother-in-castro-valley,2026-10-03
F046,Care.com,senior care,Emeryville,"bordering (Emeryville, San Leandro)",family,not stated,yes,Seeking Part-time Senior Care Provider In Emeryville,part time,"Tue and Thu, 12pm-6pm blocks",2,,,,site time blocks only,not clear,21,31,not stated,yes,yes,no,no,no,yes,no,no,no,not stated,not stated,none asked,none named,"Friendly, patient, and caring",,full post,"senior care jobs, Oakland; senior care jobs, Alameda; senior care jobs, Berkeley",https://www.care.com/job/seniorcare/ca/emeryville/36671847-seeking-part-time-senior-care-provider-in-emeryville,2026-10-03
F047,Care.com,senior care,Berkeley,Berkeley / Oakland / Alameda,family,parent,yes,Hands-on Care Needed For My Father This Weekend In Berkeley,one time,2-5 hours each day; 3 of 4 days; start and end times flexible,3,2,5,,stated in post,some visits,20,35,not stated,yes,yes,yes,no,yes,yes,no,no,no,not stated,yes,none asked,drainage bags; medical issues,"check in on him 2-5 hours each day to bring him food, make sure he's alright","One weekend, but 'we are actively seeking more regular help too'. Wants someone near Berkeley because the hours are short.",full post,"senior care jobs, Oakland; senior care jobs, Alameda; senior care jobs, Berkeley; personal assistant jobs, Oakland; personal assistant jobs, Berkeley; personal assistant jobs, Alameda",https://www.care.com/job/seniorcare/ca/berkeley/36721678-hands-on-care-needed-for-my-father-this-weekend-in-berkeley,2026-10-03
F048,Care.com,senior care,San Francisco,San Francisco / Peninsula / Marin,family,self,not stated,Post Surgery Transportation Needed For Myself In San Francisco,one time,"one day, Oct 21",1,,,,not shown,not clear,20,35,not stated,no,no,no,yes,no,no,no,no,no,yes,yes,none asked,surgery,Basically just make sure I get to the room safely!,,full post,"senior care jobs, Oakland; senior care jobs, Alameda; senior care jobs, Berkeley",https://www.care.com/job/seniorcare/ca/san-francisco/36727367-post-surgery-transportation-needed-for-myself-in-san-francisco,2026-10-03
F049,Care.com,senior care,Union City,other East Bay,family,parent,yes,Hands-on Care Needed For My Mother In Union City,part time,"Thu and Fri 8am-3pm, 2 weekends each month 8am-2pm, then on-call",2,6,7,14,exact times in schedule,no,17,25,not stated,yes,yes,yes,no,no,no,no,no,no,not stated,yes,none asked,none named,"someone who can take instructions, be accountable, mature, and respectful",Mother in her 80s. Diaper changes and help with feeding.,full post,"senior care jobs, Oakland; personal assistant jobs, Oakland",https://www.care.com/job/seniorcare/ca/union-city/36730403-hands-on-care-needed-for-my-mother-in-union-city,2026-10-03
F050,Care.com,senior care,El Sobrante,other East Bay,family,not stated,not stated,Caregiver Needed For The Weekends,part time,Sat 9am-5pm; Sun 9am-9pm,2,8,12,20,exact times in schedule,no,17,22,not stated,yes,yes,yes,no,yes,yes,no,no,reminders,not stated,yes,none asked,Alzheimer's,Caregiver should be able to work with somebody who has Alzheimer's,Three small dogs and a cat in the home.,full post,"senior care jobs, Oakland; senior care jobs, Berkeley",https://www.care.com/job/seniorcare/ca/el-sobrante/36622627-caregiver-needed-for-the-weekends,2026-10-03
F051,Care.com,senior care,San Francisco,San Francisco / Peninsula / Marin,family,parent,yes,Back Up Weekend Caregiver For Mom (61) And Nana (87) For 6/27 And 7/4. IHSS Provider Preferred!,part time,"two weekends, Sat and Sun 8am-6pm",2,10,10,20,exact times in schedule,no,20,28,not stated,yes,yes,yes,yes,yes,yes,no,no,not clear,not stated,not stated,none asked,neurological disease; hip surgery recovery,Our regular weekend caregiver will be out of town,"Two people: mother (61) and grandmother (87). The dates named are in June and July, so this looks like an old post still showing.",full post,"senior care jobs, Oakland",https://www.care.com/job/seniorcare/ca/san-francisco/36742927-back-up-weekend-caregiver-for-mom-61-and-nana-87-for-6-27-and-7-4-ihss-provider-preferred-,2026-10-03
F052,Care.com,senior care,San Francisco,San Francisco / Peninsula / Marin,family,not stated,yes,Seeking Caregiver For Woman W/ Parkinson's And Dementia,part time,"Mon 12-3:30pm; Wed, Fri, Sat 2-7pm",4,3.5,5,18.5,exact times in schedule,some visits,25,32,not stated,yes,yes,yes,yes,yes,yes,no,no,reminders,yes,not stated,none asked,Parkinson's; dementia,who is patient and doesn't offer a lot of unsolicited advice,"Wants 'a cultural fit'. Toileting help, exercise and healthy meals are priorities.",full post,"senior care jobs, Oakland; senior care jobs, Alameda; personal assistant jobs, Berkeley; personal assistant jobs, Alameda",https://www.care.com/job/seniorcare/ca/san-francisco/36607064-seeking-caregiver-for-woman-w-parkinson-s-and-dementia-living-in-an-art-collective-in-the-mission,2026-10-03
F053,Care.com,senior care,San Ramon,other East Bay,family,not stated,yes,Fun And Positive Caregiver ! SPANISH SPEAKING,one time,"four days, Oct 1-4; up at 9 a.m.",4,,,,not shown,not clear,19,19,not stated,yes,yes,yes,yes,yes,no,no,no,reminders,not stated,not stated,Spanish (in the title),dementia,She needs encouragement to walk. Friendly and encouraging,Paid through IHSS (the county's in-home care program).,full post,"senior care jobs, Oakland; personal assistant jobs, Oakland",https://www.care.com/job/seniorcare/ca/san-ramon/36559717-fun-and-positive-caregiver-spanish-speaking,2026-10-03
F054,Care.com,senior care,Burlingame,San Francisco / Peninsula / Marin,family,not stated,not stated,Caregiver,part time,"Sun, Mon, Fri, Sat 9am-1pm",4,4,4,16,exact times in schedule,no,18,26,not stated,yes,no,yes,yes,no,no,no,no,reminders,not stated,yes,none asked,neurological condition with involuntary movements,"which call for a calm, non-confrontational approach",Car needed only 'if driving to appointments is required'. CPR / first aid preferred; background check and references.,full post,"senior care jobs, Oakland",https://www.care.com/job/seniorcare/ca/burlingame/36743183-caregiver,2026-10-03
F055,Care.com,senior care,San Francisco,San Francisco / Peninsula / Marin,family,parent,yes,Seeking Companion / Personal Assistant For A Lovely Lady With Early Stage Alzheimer's,part time,'a few hours a week'; Mon and Wed 10am-2pm,2,4,4,8,exact times in schedule,no,31,38,not stated,yes,yes,no,no,yes,yes,yes,yes,reminders,yes,not stated,none asked,early Alzheimer's,"reviewing all appointments, her calendar, bills, invoices, all admin tasks and doctors appointments",Closest post to a blend. 'She is not in need of hands-on caregiving.' Also: 'help my mom go through her emails all of her bills'. Wants someone 'hyper organized'.,full post,"senior care jobs, Oakland; senior care jobs, Alameda; personal assistant jobs, Oakland; personal assistant jobs, Alameda",https://www.care.com/job/seniorcare/ca/san-francisco/36667822-seeking-companion-personal-assistant-for-a-lovely-lady-with-early-stage-alzheimer-s,2026-10-03
F056,Care.com,senior care,Hayward,other East Bay,family,parent,not stated,"Reliable Caregiver For 5 Night Stay (Sept 29 - Oct 3 - $1,000 Cash Flat Rate (Long-Term Potential)",one time (5-night stay),5-night stay with 24-hour supervision,5,,,,stated in post,not clear,17,21,not stated,yes,no,yes,no,yes,no,no,no,no,not stated,yes,none asked,disability,Looking for a long-term relationship for future weekends/travel,"Pays a flat $1,000 for the stay; the hourly range is what the site shows. Diaper changes and repositioning. 'No bathing/cooking/dishes required.'",full post,"senior care jobs, Oakland",https://www.care.com/job/seniorcare/ca/hayward/36653869-reliable-caregiver-for-5-night-stay-sept-29-oct-3-1-000-cash-flat-rate-long-term-potential-,2026-10-03
F057,Care.com,senior care,San Bruno,San Francisco / Peninsula / Marin,family,not stated,not stated,Caregiver,full time,every day 8am-5pm,7,9,9,,exact times in schedule,no,18,23,not stated,yes,yes,yes,no,yes,yes,no,no,no,not stated,yes,none asked,none named,She just needs constant attention,,full post,"senior care jobs, Oakland",https://www.care.com/job/seniorcare/ca/san-bruno/36721175-caregiver,2026-10-03
F058,Care.com,senior care,El Sobrante,other East Bay,family,parent,yes,Seeking Senior Care Provider In El Sobrante,part time,"'likely 2-3 times a week, 4-6 hour shifts'; Mon and Wed 10am-2pm shown",2,4,6,,stated in post,no,17,27,not stated,yes,yes,yes,no,yes,yes,no,yes,no,yes,yes,Mandarin a plus (both speak English fluently),fractures from a car accident; early signs of dementia,or at least tech help to get them Ubers,"Two parents (80 and 76). 'She gets overwhelmed managing the household chores.' Rides to occasional appointments in the parents' car, or help booking rides. Reminders to do therapy exercises.",full post,"senior care jobs, Oakland; senior care jobs, Berkeley; personal assistant jobs, Berkeley",https://www.care.com/job/seniorcare/ca/el-sobrante/36538144-seeking-senior-care-provider-in-el-sobrante,2026-10-03
F059,Care.com,senior care,San Francisco,San Francisco / Peninsula / Marin,family,self,not stated,Companion Care Needed For Myself In San Francisco,part time,"Mon and Thu, 12pm-6pm blocks",2,,,,site time blocks only,not clear,20,50,not stated,yes,yes,no,no,no,yes,no,no,no,not stated,not stated,none asked,knee surgery recovery,a reliable personal assistant or light housekeeper to help keep my household running smoothly,Wants someone who 'can independently manage a flexible daily checklist'. Dogs in the home.,full post,"senior care jobs, Oakland; senior care jobs, Alameda; personal assistant jobs, Alameda",https://www.care.com/job/seniorcare/ca/san-francisco/36647737-companion-care-needed-for-myself-in-san-francisco,2026-10-03
F060,Care.com,senior care,Concord,other East Bay,family,not stated,not stated,Proactive Caregiver,part time,Mon and Fri 10am-5pm,2,7,7,14,exact times in schedule,no,17,25,not stated,yes,yes,yes,yes,yes,yes,no,no,no,not stated,yes,none asked,none named,Able to anticipate needs before they are explicitly asked,"Also: 'managing grocery lists, and running routine errands'.",full post,"senior care jobs, Oakland",https://www.care.com/job/seniorcare/ca/concord/36628309-proactive-caregiver,2026-10-03
F061,Care.com,senior care,Alameda,Berkeley / Oakland / Alameda,family,spouse,yes,Hands-on Care Needed For My Husband In Alameda,part time,Mon-Fri 9:30am-12:30pm,5,3,3,15,exact times in schedule,yes,18,28,not stated,no,no,yes,yes,no,no,no,no,not clear,not stated,not stated,none asked,poor eyesight; diabetes; prone to falling,Just need someone there to assist with bathing and dressing,Asks for a 'female gentle and kind'. Also exercise and wheelchair outings to the nearby park. 'Medication' is listed without saying what kind of help.,full post,"senior care jobs, Alameda; senior care jobs, Berkeley; personal assistant jobs, Oakland; personal assistant jobs, Berkeley; personal assistant jobs, Alameda",https://www.care.com/job/seniorcare/ca/alameda/36652847-hands-on-care-needed-for-my-husband-in-alameda,2026-10-03
F062,Care.com,senior care,San Francisco,San Francisco / Peninsula / Marin,family,parent,not stated,Hands-on Care Needed For My Mother In San Francisco,part time,"Fri, all-day block",1,,,,site time blocks only,not clear,20,40,not stated,yes,yes,yes,yes,yes,yes,no,no,no,not stated,not stated,none asked,stroke; speech difficulty,willing to take her for walks in her wheelchair,"'Almost full care', including lifting and transfers.",full post,"senior care jobs, Alameda; personal assistant jobs, Alameda",https://www.care.com/job/seniorcare/ca/san-francisco/36751836-hands-on-care-needed-for-my-mother-in-san-francisco,2026-10-03
F063,Care.com,senior care,Berkeley,Berkeley / Oakland / Alameda,family,parent,yes,Kind & Caring Weekend Caregiver Needed For Elderly Couple,part time,"Fri 4-8pm (4 hours), Sat and Sun 10am-6pm (8 hours each)",3,4,8,20,stated in post,no,20,25,not stated,yes,yes,yes,yes,yes,yes,no,no,no,yes,yes,none asked,Alzheimer's,"a kind, patient, and reliable female caregiver for our elderly parents",Driving is in the site's checklist ('Transportation Required') but not in the family's own text. Dementia experience strongly preferred.,full post,"senior care jobs, Alameda; senior care jobs, Berkeley",https://www.care.com/job/seniorcare/ca/berkeley/36720270-kind-caring-weekend-caregiver-needed-for-elderly-couple,2026-10-03
F064,Care.com,senior care,San Francisco,San Francisco / Peninsula / Marin,family,not stated,not stated,Seeking Adult Care Provider In San Francisco,one time,not shown; starts Oct 5,,,,,not shown,not clear,20,23,not stated,no,no,yes,no,no,no,no,no,no,not stated,not stated,Burmese or Chinese,none named,Patient and kind,Asks for a female helper.,full post,"senior care jobs, Alameda; personal assistant jobs, Alameda",https://www.care.com/job/seniorcare/ca/san-francisco/36723453-seeking-adult-care-provider-in-san-francisco,2026-10-03
F065,Care.com,senior care,San Francisco,San Francisco / Peninsula / Marin,family,parent,yes,Hands-on Care Needed For My Mother In San Francisco,part time,"Mon and Fri, 12pm-6pm blocks",2,,,,site time blocks only,not clear,20,34,not stated,no,yes,no,no,no,yes,no,no,no,yes,yes,none asked,none named,Take my mother to the grocery store and shop with her,"Mother in her 90s. Also dishes, light laundry, picking up medications, a quick dog walk. Offers gas reimbursement.",full post,"senior care jobs, Alameda",https://www.care.com/job/seniorcare/ca/san-francisco/36449484-hands-on-care-needed-for-my-mother-in-san-francisco,2026-10-03
F066,Care.com,senior care,San Francisco,San Francisco / Peninsula / Marin,family,parent,yes,Home - Care Needed For My Father In San Francisco,part time,Mon 12:30-5:30pm; starts Oct 15,1,5,5,5,exact times in schedule,no,28,44,not stated,yes,yes,no,no,yes,yes,no,no,reminders,yes,yes,none asked,early Alzheimer's,"caring, creative, patient, and have experience with dementia",Father is 78. Female helper preferred. Driving is in the site's checklist.,full post,"senior care jobs, Alameda; senior care jobs, Berkeley",https://www.care.com/job/seniorcare/ca/san-francisco/36736722-home-care-needed-for-my-father-in-san-francisco,2026-10-03
F067,Care.com,senior care,San Francisco,San Francisco / Peninsula / Marin,family,not stated,yes,Seeking Part-time Senior Care Provider In San Francisco,part time,"Sun and Fri, midnight-6am blocks (overnight)",2,,,,site time blocks only,not clear,20,30,not stated,yes,yes,yes,yes,yes,yes,no,no,no,yes,not stated,Spanish preferred,fall risk at night,make sure when she gets up at night to go to the restroom she doesn't fall,Overnight watch. The task and driving ticks come from the site's checklist; the family's own text only asks for the night watch.,full post,"senior care jobs, Alameda; personal assistant jobs, Alameda",https://www.care.com/job/seniorcare/ca/san-francisco/36629540-seeking-part-time-senior-care-provider-in-san-francisco,2026-10-03
F068,Care.com,senior care,San Francisco,San Francisco / Peninsula / Marin,family,not stated,not stated,Seeking Adult Care Provider In San Francisco,one time,not shown; starts Nov 3,,,,,not shown,not clear,20,30,not stated,no,no,no,no,no,no,no,no,no,yes,not stated,none asked,none named,We ask that you handle transportation as needed,Rides only.,full post,"senior care jobs, Alameda",https://www.care.com/job/seniorcare/ca/san-francisco/36709409-seeking-adult-care-provider-in-san-francisco,2026-10-03
F069,Care.com,senior care,San Francisco,San Francisco / Peninsula / Marin,family,household,not stated,Part-Time Home Cook / Meal Prep Cook In San Francisco,part time,"4 mornings per week, approximately 8:00-10:00 a.m.; about 8 hours per week",4,2,2,8,stated in post,yes,20,30,not stated,yes,yes,no,no,no,no,no,no,no,not stated,not stated,none asked,none named,Follow good food-safety and hygiene practices,"Cooking for two adults from the family's own recipes. 'A regular, long-term position.'",full post,"senior care jobs, Alameda",https://www.care.com/job/seniorcare/ca/san-francisco/36702159-part-time-home-cook-meal-prep-cook-in-san-francisco,2026-10-03
F070,Care.com,senior care,San Francisco,San Francisco / Peninsula / Marin,family,parent,yes,Companion Care Needed For My Mother In San Francisco,part time,"Mon and Wed, 12pm-6pm blocks",2,,,,site time blocks only,not clear,30,40,not stated,no,no,no,no,yes,yes,yes,yes,reminders,yes,yes,none asked,Alzheimer's,"helping her with things that can be challenging, for example phone/computer","Mother in her 80s, 'an artist and gardener'. Also 'reminding her of appointments'. Rides to appointments and errands 'may' be included.",full post,"senior care jobs, Alameda; senior care jobs, Berkeley",https://www.care.com/job/seniorcare/ca/san-francisco/36706733-companion-care-needed-for-my-mother-in-san-francisco,2026-10-03
F071,Care.com,senior care,San Francisco,San Francisco / Peninsula / Marin,family,adult child,no,Companion Care Needed For My Adult Child In San Francisco,part time,1-3 hour outings; Mon and Wed blocks,2,1,3,,stated in post,yes,20,30,not stated,no,no,no,no,yes,no,no,no,no,not stated,yes,none asked,cognitive disability,Companion to plan 1-3 hours excursions around SF,"For an adult in their 30s, paid through IHSS.",full post,"senior care jobs, Alameda",https://www.care.com/job/seniorcare/ca/san-francisco/36580114-companion-care-needed-for-my-adult-child-in-san-francisco,2026-10-03
F072,Care.com,senior care,San Francisco,San Francisco / Peninsula / Marin,family,other relative,not stated,Companion Care Needed For My Mother In San Francisco,full time (as listed),"six mornings, 6am-12pm blocks",6,,,,site time blocks only,not clear,20,30,not stated,no,no,no,no,yes,no,no,no,no,not stated,not stated,none asked,schizophrenia and paranoia,The goal is to establish a relationship of trust to help her with services she needs,For a sister. Wants social work or psychology training.,full post,"senior care jobs, Alameda",https://www.care.com/job/seniorcare/ca/san-francisco/36707756-companion-care-needed-for-my-mother-in-san-francisco,2026-10-03
F073,Care.com,senior care,San Francisco,San Francisco / Peninsula / Marin,family,parent,yes,Companion Care Needed For My Mother In San Francisco,full time (as listed),"2+ weeks while the family travels; Mon, Wed, Fri, Sat, noon-midnight blocks",4,,,,site time blocks only,not clear,20,30,not stated,no,no,no,no,yes,yes,no,no,no,not stated,yes,English as primary language,none named,"good conversationalist (English as primary language), patient",Mother in her 80s.,full post,"senior care jobs, Alameda",https://www.care.com/job/seniorcare/ca/san-francisco/36211909-companion-care-needed-for-my-mother-in-san-francisco,2026-10-03
F074,Care.com,senior care,San Francisco,San Francisco / Peninsula / Marin,family,not stated,yes,Seeking Part-time Senior Care Provider In San Francisco,part time,"Mon, Wed, Fri, 12pm-6pm blocks",3,,,,site time blocks only,not clear,20,35,not stated,yes,yes,yes,yes,no,no,no,no,no,not stated,yes,none asked,dialysis,Will also need to assist in dialysis home treatment. Training will be provided,Home dialysis help is a medical task.,full post,"senior care jobs, Alameda; personal assistant jobs, Alameda",https://www.care.com/job/seniorcare/ca/san-francisco/36758053-seeking-part-time-senior-care-provider-in-san-francisco,2026-10-03
F075,Care.com,senior care,San Francisco,San Francisco / Peninsula / Marin,family,household,not stated,"Housekeeper / Household Assistant $6,000/month San Francisco, CA (Zip 94115)",full time,"5 days a week, 8:00 a.m. - 4:00 p.m.",5,8,8,40,stated in post,no,40,50,not stated,yes,yes,no,no,no,no,no,no,no,not stated,not stated,Russian required,none named,an energetic and experienced household assistant,"A household job listed under senior care. $6,000 a month.",full post,"senior care jobs, Alameda; personal assistant jobs, Alameda",https://www.care.com/job/seniorcare/ca/san-francisco/36717591-housekeeper-household-assistant-6-000-month-san-francisco-ca-zip-94115-,2026-10-03
F076,Care.com,senior care,San Francisco,San Francisco / Peninsula / Marin,family,parent,yes,Companion Care Needed For My Father In San Francisco,full time,Mon-Fri 8am-3pm,5,7,7,35,exact times in schedule,no,20,20,not stated,yes,yes,yes,yes,yes,no,no,no,not clear,not stated,yes,none asked,on hospice,"mobility, tansfering, toileting, help with medications, light meal prep, and light house keeping",Father in his 70s.,full post,"senior care jobs, Alameda",https://www.care.com/job/seniorcare/ca/san-francisco/36726033-companion-care-needed-for-my-father-in-san-francisco,2026-10-03
F077,Care.com,senior care,San Francisco,San Francisco / Peninsula / Marin,family,household,no,Family Assistance (no Children Or Pets) In San Francisco,part time,Mon-Fri 10am-12pm shown; 'schedule to be discussed',5,2,2,10,exact times in schedule,yes,20,40,not stated,yes,yes,no,no,no,yes,no,no,no,not stated,not stated,none asked,none named,takes pride in keeping a home running smoothly,"A couple in their 30s, listed under senior care. Housekeeping, laundry, meal prep, occasional errands.",full post,"senior care jobs, Alameda; senior care jobs, Berkeley; personal assistant jobs, Berkeley; personal assistant jobs, Alameda",https://www.care.com/job/seniorcare/ca/san-francisco/36497467-family-assistance-no-children-or-pets-in-san-francisco,2026-10-03
F078,Care.com,senior care,San Francisco,San Francisco / Peninsula / Marin,family,parent,yes,Companion Care Needed For My Mother In San Francisco,full time (as listed),"Sun, Wed, Thu, Fri, noon-midnight blocks",4,,,,site time blocks only,not clear,25,35,not stated,yes,yes,no,no,yes,yes,no,no,no,yes,not stated,none asked,none named,Someone who will engage and not just sit on their phone,Mother is 80. Meal prep every shift 'for a slightly picky eater'. Driving is in the site's checklist.,full post,"senior care jobs, Alameda",https://www.care.com/job/seniorcare/ca/san-francisco/36701685-companion-care-needed-for-my-mother-in-san-francisco,2026-10-03
F079,Care.com,senior care,San Francisco,San Francisco / Peninsula / Marin,family,other relative,not stated,Companion Care Needed For My Loved One In San Francisco,full time (as listed),"Wed-Sat, all-day blocks",4,,,,site time blocks only,not clear,20,30,not stated,no,no,no,no,yes,no,no,yes,no,not stated,not stated,none asked,brain injury; in the hospital,"assist with starting movies/shows on his tablet, assist with making calls","For a brother in the hospital. 'You don't have to provide care, just remind the nurses if they miss something.'",full post,"senior care jobs, Alameda",https://www.care.com/job/seniorcare/ca/san-francisco/36748358-companion-care-needed-for-my-loved-one-in-san-francisco,2026-10-03
F080,Care.com,senior care,Hercules,other East Bay,family,parent,yes,Seeking Part-time Senior Care Provider In Hercules,part time,"12-16 hrs/week to start; Tue, Thu, Sat shown",3,,,12,stated in post,not clear,25,30,not stated,no,yes,yes,yes,no,no,no,no,not clear,yes,yes,none asked,none named,You'll be responsible for transporting to/from appointments some days,'Assistance with medication is needed' without saying what kind.,full post,"senior care jobs, Berkeley; personal assistant jobs, Berkeley",https://www.care.com/job/seniorcare/ca/hercules/36567551-seeking-part-time-senior-care-provider-in-hercules,2026-10-03
F081,Care.com,senior care,Lafayette,other East Bay,family,parent,yes,Companion For Our Mom - $25-$30/hr,part time,"10am-3pm, 5-6 days a week; 'hours are guaranteed'",5,5,5,25,stated in post,no,25,30,not stated,yes,yes,no,no,yes,yes,no,no,no,yes,yes,wants someone who 'doesn't have an accent',Alzheimer's,"kindness, patience and personality are most important","'Primarily a companionship role': outings, walks or errands, making lunch. Must have a reliable car and valid license.",full post,"senior care jobs, Berkeley",https://www.care.com/job/seniorcare/ca/lafayette/36746798-companion-for-our-mom-25-30-hr,2026-10-03
F082,Care.com,senior care,San Pablo,other East Bay,family,not stated,not stated,"Help With Bathroom, Showering, Dressing.",part time,Sun 8:30-10:30am,1,2,2,2,exact times in schedule,yes,17,22,not stated,no,no,yes,no,no,no,no,no,no,not stated,yes,none asked,none named,Personal care and showering and dressing,,full post,"senior care jobs, Berkeley",https://www.care.com/job/seniorcare/ca/san-pablo/36599636-help-with-bathroom-showering-dressing,2026-10-03
F083,Care.com,senior care,San Pablo,other East Bay,family,parent,not stated,Hands-on Care Needed For My Mother In San Pablo,full time (as listed),"Mon, Wed, Fri, 6am-6pm blocks",3,,,,site time blocks only,not clear,17,27,not stated,yes,yes,no,yes,no,yes,no,no,no,not stated,not stated,none asked,none named,"Calm personality, helpful, compassionate, patient",,full post,"senior care jobs, Berkeley; personal assistant jobs, Berkeley",https://www.care.com/job/seniorcare/ca/san-pablo/36677997-hands-on-care-needed-for-my-mother-in-san-pablo,2026-10-03
F084,Care.com,senior care,Richmond,other East Bay,family,parent,not stated,Hands-on Care Needed For My Mother In Richmond,part time,Mon-Fri 9am-1pm,5,4,4,20,exact times in schedule,no,20,25,not stated,yes,yes,yes,no,no,yes,no,no,more than reminders,yes,yes,Spanish a plus,none named,"Spanish speaking is a plus, but not necessary",'Firm $25/hour rate maximum.' Must have a driver's license. Small dogs and chickens.,full post,"senior care jobs, Berkeley; personal assistant jobs, Berkeley",https://www.care.com/job/seniorcare/ca/richmond/36621782-hands-on-care-needed-for-my-mother-in-richmond,2026-10-03
F085,Care.com,senior care,San Francisco,San Francisco / Peninsula / Marin,family,spouse,not stated,Hands-on Care Needed For My Husband In San Francisco,part time,"Mon, Wed, Fri, midnight-6am blocks",3,,,,site time blocks only,not clear,20,30,not stated,yes,yes,yes,yes,yes,yes,no,no,no,not stated,not stated,none asked,none named,Interested in science and politics,,full post,"senior care jobs, Berkeley; personal assistant jobs, Berkeley",https://www.care.com/job/seniorcare/ca/san-francisco/36735913-hands-on-care-needed-for-my-husband-in-san-francisco,2026-10-03
F086,Care.com,senior care,Richmond,other East Bay,family,not stated,yes,Seeking Part-time Senior Care Provider In Richmond,full time (as listed),"Mon-Wed, noon-midnight blocks",3,,,,site time blocks only,not clear,20,30,not stated,yes,yes,no,no,no,yes,no,no,no,not stated,yes,none asked,none named,We'll need you to handle groceries or errands when appropriate,Also help staying physically active.,full post,"senior care jobs, Berkeley",https://www.care.com/job/seniorcare/ca/richmond/36487612-seeking-part-time-senior-care-provider-in-richmond,2026-10-03
F087,Care.com,senior care,Pinole,other East Bay,family,other relative,not stated,Live-in Home Care Needed For My Loved One In Pinole,live-in,"live-in, every day",7,,,,stated in post,not clear,17,17,not stated,no,yes,yes,yes,yes,no,no,no,more than reminders,not stated,not stated,none asked,none named,A spare bedroom is provided with full room and board and a small weekly stipend,"Must tolerate smoking in the home. Wound care is ticked, which is a medical task.",full post,"senior care jobs, Berkeley",https://www.care.com/job/seniorcare/ca/pinole/36676462-live-in-home-care-needed-for-my-loved-one-in-pinole,2026-10-03
F088,Care.com,senior care,Martinez,other East Bay,family,parent,not stated,Companion Care Needed For My Mother In Martinez,part time,"'when needed'; Mon-Fri, 6am-12pm blocks",,,,,site time blocks only,not clear,22,30,not stated,no,no,no,no,no,yes,no,no,no,yes,not stated,none asked,failing eyesight,options for her to still have some independence with getting around,Rides for errands only.,full post,"senior care jobs, Berkeley",https://www.care.com/job/seniorcare/ca/martinez/36673822-companion-care-needed-for-my-mother-in-martinez,2026-10-03
F089,Care.com,senior care,El Sobrante,other East Bay,family,not stated,yes,Seeking Full-time Senior Care Provider In El Sobrante,full time,"Sun-Fri, 6am-6pm blocks",6,,,,site time blocks only,not clear,17,26,not stated,no,no,yes,yes,no,no,no,no,more than reminders,not stated,not stated,none asked,bed bound,Must be calm and patient,Wound care and repositioning in bed. Wound care is a medical task.,full post,"senior care jobs, Berkeley; personal assistant jobs, Berkeley",https://www.care.com/job/seniorcare/ca/el-sobrante/36678320-seeking-full-time-senior-care-provider-in-el-sobrante,2026-10-03
F090,Care.com,senior care,Hercules,other East Bay,family,not stated,yes,Seeking Part-time Senior Care Provider In Hercules,part time,"Mon and Thu, 6am-12pm blocks; starts Nov 16",2,,,,site time blocks only,not clear,17,25,not stated,yes,yes,no,no,no,yes,no,no,no,yes,yes,none asked,none named,take to the store and bring groceries in and put away,"Cleaning asked in detail: 'clean bathroom, sweep & mop floor'.",full post,"senior care jobs, Berkeley",https://www.care.com/job/seniorcare/ca/hercules/36662093-seeking-part-time-senior-care-provider-in-hercules,2026-10-03
F091,Care.com,senior care,San Francisco,San Francisco / Peninsula / Marin,family,not stated,yes,Seeking Part-time Senior Care Provider In San Francisco,part time,"Wed, Fri, Sat, 12pm-6pm blocks",3,,,,site time blocks only,not clear,20,30,not stated,no,yes,no,no,yes,yes,no,no,no,yes,yes,none asked,none named,You'll be responsible for transporting to/from appointments,,full post,"senior care jobs, Berkeley",https://www.care.com/job/seniorcare/ca/san-francisco/36668107-seeking-part-time-senior-care-provider-in-san-francisco,2026-10-03
F092,Care.com,senior care,Hercules,other East Bay,family,self,not stated,Seeking Full-time Senior Care Provider In San Jose,full time (as listed),"Mon-Fri, 6am-6pm blocks",5,,,,site time blocks only,not clear,19,29,not stated,yes,yes,no,yes,yes,yes,no,no,no,yes,not stated,none asked,chronic pain; limited mobility,"a kind, patient, dependable caregiver",Title says San Jose; the site places it in Hercules.,full post,"senior care jobs, Berkeley; personal assistant jobs, Berkeley",https://www.care.com/job/seniorcare/ca/hercules/36649809-seeking-full-time-senior-care-provider-in-san-jose,2026-10-03
F093,Care.com,senior care,Richmond,other East Bay,family,other relative,yes,Hands-on Care Needed For My Loved One In Richmond,part time,"Tue, Thu, Sat, midnight-6am blocks (overnight)",3,,,,site time blocks only,not clear,20,35,not stated,no,yes,yes,yes,yes,no,no,no,more than reminders,not stated,yes,none asked,none named,Must be able to tolerate smoking,"Family member in their 80s. Wound care is ticked, which is a medical task. Prefers CPR / first-aid training.",full post,"senior care jobs, Berkeley; personal assistant jobs, Berkeley",https://www.care.com/job/seniorcare/ca/richmond/36691765-hands-on-care-needed-for-my-loved-one-in-richmond,2026-10-03
F094,Care.com,senior care,Martinez,other East Bay,family,parent,not stated,Companion Care Needed For My Mother In Martinez,part time,"Mon-Fri, 12pm-6pm blocks",5,,,,site time blocks only,not clear,17,27,not stated,no,no,no,no,yes,no,no,no,reminders,not stated,not stated,none asked,lung cancer; on hospice,She jsut needs help with making sure she is safe and takes her meds,,full post,"senior care jobs, Berkeley",https://www.care.com/job/seniorcare/ca/martinez/36699285-companion-care-needed-for-my-mother-in-martinez,2026-10-03
F095,Care.com,senior care,Lafayette,other East Bay,family,parent,not stated,Hands-on Care Needed For My Mother In Lafayette,full time (as listed),"Sun, Tue, Wed, Sat, 6am-midnight blocks",4,,,,site time blocks only,not clear,17,30,not stated,yes,yes,yes,yes,yes,yes,no,no,no,yes,not stated,none asked,incontinent; hearing and sight impaired; uses a walker,"willing to do some house chores, cook meals, cleaning, help with showering",Asks for a 'female with some background in health care'. Driving is in the site's checklist.,full post,"senior care jobs, Berkeley; personal assistant jobs, Berkeley",https://www.care.com/job/seniorcare/ca/lafayette/36637934-hands-on-care-needed-for-my-mother-in-lafayette,2026-10-03
F096,Care.com,senior care,Martinez,other East Bay,family,not stated,yes,Seeking Part-time Senior Care Provider In Martinez,part time,Mon and Wed 9am-5pm,2,8,8,16,exact times in schedule,no,17,27,not stated,no,no,no,no,no,no,no,no,no,not stated,not stated,none asked,aphasia (trouble with speech),Good communication. Understand Aphasia. Patient. Fun. Respectful.,"No tasks are named, only the qualities wanted.",full post,"senior care jobs, Berkeley",https://www.care.com/job/seniorcare/ca/martinez/36669476-seeking-part-time-senior-care-provider-in-martinez,2026-10-03
F097,Care.com,senior care,Hanford,outside the Bay Area,family,other relative,not stated,Hands-on Care Needed For My Loved One In Hanford,part time,"Mon-Fri, 12pm-6pm blocks",5,,,,site time blocks only,not clear,20,25,not stated,yes,yes,yes,yes,no,yes,no,no,no,not stated,yes,none asked,none named,Must be patient with her,Hanford is in the Central Valley; the site showed it in the Berkeley listing anyway.,full post,"personal assistant jobs, Berkeley",https://www.care.com/job/seniorcare/ca/hanford/36628191-hands-on-care-needed-for-my-loved-one-in-hanford,2026-10-03
F098,Care.com,"care gigs (assistant, errands)",Oakland,Berkeley / Oakland / Alameda,family,self,no,Part-Time Personal Assistant / Life Admin Support -- Oakland,part time,Mon 11:30am-2pm; Wed and Fri 8am-5pm shown,3,2.5,9,,exact times in schedule,some visits,25,35,not stated,no,yes,no,no,no,yes,yes,no,no,not stated,not stated,none asked,none named,excellent at turning a messy list into clear next steps,"Working-age adult in a job search. 'DMV/paperwork, scheduling and medical follow-up, research ... calendar management'. Wants someone 'computer-savvy'. Also decluttering and puppy walks.",full post,"personal assistant jobs, Oakland; personal assistant jobs, Berkeley; personal assistant jobs, Alameda",https://www.care.com/job/caregigs/ca/oakland/36643850-part-time-personal-assistant-life-admin-support-oakland,2026-10-03
F099,Care.com,"care gigs (assistant, errands)",San Francisco,San Francisco / Peninsula / Marin,family,parent,no,Personal Clerical Assistant Wanted For Home In Hunter's Point,part time,"10 hours a week, split between 2 or 3 days",2,3.5,5,10,stated in post,some visits,20,35,not stated,no,no,no,no,no,no,yes,yes,no,not stated,not stated,none asked,none named,"bill management, paperwork, and digital file organization",Posted by an adult child for a working father. 'Being able to mesh well with his personality will be a crucial aspect of this role.',full post,"personal assistant jobs, Oakland; personal assistant jobs, Alameda",https://www.care.com/job/caregigs/ca/san-francisco/36651971-personal-clerical-assistant-wanted-for-home-in-hunter-s-point,2026-10-03
F100,Care.com,"care gigs (assistant, errands)",Emeryville,"bordering (Emeryville, San Leandro)",family,not stated,not stated,Assistance Needed In Emeryville.,part time,Tue and Thu 1pm-5pm,2,4,4,8,exact times in schedule,no,20,25,not stated,no,no,no,no,no,yes,no,no,no,not stated,yes,none asked,none named,I need help with General Errands,,full post,"personal assistant jobs, Oakland; personal assistant jobs, Berkeley; personal assistant jobs, Alameda",https://www.care.com/job/caregigs/ca/emeryville/36671901-assistance-needed-in-emeryville,2026-10-03
F101,Care.com,"care gigs (assistant, errands)",San Leandro,"bordering (Emeryville, San Leandro)",family,self,no,Assistance Needed In San Leandro.,part time,"long-term, 2-3 days/week, about 4 hours per visit",2,4,4,8,stated in post,no,20,20,not stated,yes,yes,no,no,no,yes,yes,no,no,not stated,yes,none asked,none named,enjoys anticipating needs and making someone's week easier,"A working single mother; no childcare. 'Coordinating home services and appointments, research, and help with travel'. Background and reference checks.",full post,"personal assistant jobs, Oakland; personal assistant jobs, Alameda",https://www.care.com/job/caregigs/ca/san-leandro/36739552-assistance-needed-in-san-leandro,2026-10-03
F102,Care.com,housekeeping,Berkeley,Berkeley / Oakland / Alameda,family,household,not stated,Looking For A Dependable House Cleaner For Family Living In Berkeley,part time,"every week; Sun, 6am-12pm block",1,,,,site time blocks only,not clear,25,50,not stated,no,yes,no,no,no,yes,yes,no,no,not stated,not stated,excellent written and spoken English,none named,"a reliable, resourceful assistant on a recurring schedule","'Organizing home + workspace, tidying + laundry, errands, purchases/returns, booking appointments'. Must live within 20 minutes of Berkeley.",full post,"personal assistant jobs, Oakland; personal assistant jobs, Berkeley",https://www.care.com/job/housekeeping/ca/berkeley/36676150-looking-for-a-dependable-house-cleaner-for-family-living-in-berkeley,2026-10-03
F103,Care.com,housekeeping,Oakland,Berkeley / Oakland / Alameda,family,household,no,Mothers Helper / Evening Household Assistant MonWed 4-7 PM,one time,"Mon, Tue, Wed 4:00-7:00 p.m. for one week; may become recurring",3,3,3,9,stated in post,yes,25,35,not stated,yes,yes,no,no,no,no,no,no,no,not stated,not stated,none asked,none named,able to jump in and notice what needs to be done,"Family with young children; the parent is home, so 'primarily a household-support role rather than a childcare position'.",full post,"personal assistant jobs, Oakland; personal assistant jobs, Berkeley",https://www.care.com/job/housekeeping/ca/oakland/36759225-mothers-helper-evening-household-assistant-monwed-4-7-pm,2026-10-03
F104,Care.com,housekeeping,San Francisco,San Francisco / Peninsula / Marin,family,self,not stated,Part-Time Housekeeper / Household Assistant Bayview SF - 2 Days A Week,part time,8-12 hrs/week over 2 days,2,4,6,8,stated in post,no,26,34,not stated,no,yes,no,no,no,yes,no,no,no,not stated,yes,none asked,none named,helping keep the house and my life running smoothly,"Single adult. The text says $30-$40 an hour; the site shows $26-$34. Mostly housekeeping, plus organizing, errands and restocking. CA driver's license.",full post,"personal assistant jobs, Oakland",https://www.care.com/job/housekeeping/ca/san-francisco/36673525-part-time-housekeeper-household-assistant-bayview-sf-2-days-a-week,2026-10-03
F105,Care.com,"care gigs (assistant, errands)",San Francisco,San Francisco / Peninsula / Marin,family,household,no,Evening Family Assistant (Household Reset Plus Laundry),part time,"about 4 hours a shift, 4 nights a week, 5pm-9pm",4,4,4,16,stated in post,no,35,38,not stated,no,yes,no,no,no,no,no,no,no,not stated,not stated,none asked,none named,who closes loops without step-by-step direction,"Family with teens. Laundry, beds, kitchen close, floors. Starts at $38 an hour after two paid training shifts.",full post,"personal assistant jobs, Oakland; personal assistant jobs, Berkeley; personal assistant jobs, Alameda",https://www.care.com/job/caregigs/ca/san-francisco/36504744-evening-family-assistant-household-reset-plus-laundry-,2026-10-03
F106,Care.com,"care gigs (assistant, errands)",San Francisco,San Francisco / Peninsula / Marin,family,household,yes,House Manager Needed In San Francisco,part time,"4-5 hours per day, weekdays, some flexibility on which days",5,4,5,20,stated in post,no,30,40,not stated,yes,no,no,no,no,yes,yes,no,no,no,no,none asked,none named,"someone warm, sharp, and self-directed to help run the household","A couple in their late seventies. Cooking, weekly shopping, 'meeting with vendors and tradespeople onsite', errands. Work car provided. Paid on the books with sick leave and holidays.",full post,"personal assistant jobs, Alameda",https://www.care.com/job/caregigs/ca/san-francisco/36691614-house-manager-needed-in-san-francisco,2026-10-03
F107,Care.com,housekeeping,San Francisco,San Francisco / Peninsula / Marin,family,household,no,Looking For Daily House Management And Family Assistance For Family Living In San Francisco,part time,"about 20 hours/week, ideally spread across 5 days",5,4,4,20,stated in post,no,24,35,not stated,yes,yes,no,no,no,yes,no,no,no,not stated,not stated,none asked,none named,enjoys creating order rather than waiting for a task list,Family with young children; about 5 hours a week may be childcare.,full post,"personal assistant jobs, Berkeley; personal assistant jobs, Alameda",https://www.care.com/job/housekeeping/ca/san-francisco/36555240-looking-for-daily-house-management-and-family-assistance-for-family-living-in-san-francisco,2026-10-03
F108,Care.com,housekeeping,San Francisco,San Francisco / Peninsula / Marin,family,self,not stated,Looking For Part-Time Household Assistant / Housekeeper In San Francisco,part time,8-10 hours/week across 2-3 visits,2,3,5,8,stated in post,some visits,26,36,not stated,yes,yes,no,no,no,no,no,no,no,not stated,not stated,none asked,none named,comfortable taking ownership of routine household chores,"Single adult. Simple meal prep, laundry, cleaning, organizing. Hours per visit worked out from the weekly total.",full post,"personal assistant jobs, Berkeley; personal assistant jobs, Alameda",https://www.care.com/job/housekeeping/ca/san-francisco/36613425-looking-for-part-time-household-assistant-housekeeper-in-san-francisco,2026-10-03
F109,Care.com,"care gigs (assistant, errands)",Greenbrae,San Francisco / Peninsula / Marin,family,household,not stated,Part-Time Cleaner/Shopper/House Assistant | 8 Hours/Week,part time,Mon 8am-12:30pm and Thu 8am-11:30am; 8 hours a week,2,3.5,4.5,8,exact times in schedule,some visits,40,45,not stated,yes,yes,no,no,no,yes,no,no,no,not stated,yes,English or Spanish,none named,"help keep our home clean, organized, and running smoothly","Two adults, no kids. The text says $35-$45 an hour plus mileage. Grocery and farmers market shopping, laundry, basic food prep.",full post,"personal assistant jobs, Berkeley",https://www.care.com/job/caregigs/ca/greenbrae/36750895-part-time-cleaner-shopper-house-assistant-8-hours-week,2026-10-03
F110,Care.com,"care gigs (assistant, errands)",San Francisco,San Francisco / Peninsula / Marin,family,not stated,not stated,Assistance Needed In San Francisco.,one time,one day; starts Nov 27,1,,,,not shown,not clear,20,25,not stated,no,no,no,no,no,no,no,no,no,not stated,not stated,none asked,none named,Assistance for an event is needed,"Help at an event, not home help.",full post,"personal assistant jobs, Berkeley; personal assistant jobs, Alameda",https://www.care.com/job/caregigs/ca/san-francisco/36542785-assistance-needed-in-san-francisco,2026-10-03
F111,Care.com,housekeeping,San Francisco,San Francisco / Peninsula / Marin,family,self,not stated,Looking For A Dependable House Cleaner For Single Person Living In San Francisco,part time,every other week,,,,,stated in post,not clear,26,36,not stated,no,yes,no,no,no,no,no,no,no,not stated,not stated,none asked,none named,Searching for a great house cleaner,House cleaning only.,full post,"personal assistant jobs, Berkeley; personal assistant jobs, Alameda",https://www.care.com/job/housekeeping/ca/san-francisco/36677528-looking-for-a-dependable-house-cleaner-for-single-person-living-in-san-francisco,2026-10-03
F112,Care.com,housekeeping,Sausalito,San Francisco / Peninsula / Marin,family,household,no,Part-Time Family Assistant - Housekeeper + Cook,part time,"2-3 weekdays a week, 3-4 hours per visit",2,3,4,6,stated in post,some visits,30,40,not stated,yes,yes,no,no,no,no,no,no,no,not stated,not stated,none asked,none named,a reliable part-time family assistant to help run our household,Family with two young children; no childcare duties named.,full post,"personal assistant jobs, Oakland",https://www.care.com/job/housekeeping/ca/sausalito/36763871-part-time-family-assistant-housekeeper-cook,2026-10-03
F113,Care.com,housekeeping,Danville,other East Bay,family,household,not stated,Looking For A Dependable House Helper For Family Living In Danville,full time (as listed),'At least 2 hours/day OR 3/4 hours / 3-4 x week',3,2,4,,stated in post,some visits,30,30,not stated,no,yes,no,no,no,no,no,no,no,not stated,not stated,none asked,none named,"a reliable, organized, and trustworthy household helper","Laundry, dishes, kitchen tidying.",full post,"personal assistant jobs, Oakland",https://www.care.com/job/housekeeping/ca/danville/36674866-looking-for-a-dependable-house-helper-for-family-living-in-danville,2026-10-03
F114,eldercare.com,elder care,Alameda,Berkeley / Oakland / Alameda,family,parent,yes,Companion and respite care (Alameda),part time,"part-time, live-out",,,,,not shown,not clear,18,20,not stated,no,no,no,no,yes,no,no,no,no,not stated,not stated,English,dementia; aphasia (trouble with speech),taking my dad for walks on the beach and around the bird preserve,"The page shows $20 an hour; the link text says $18. Only the short text on the Alameda listing page was read. The site shows no post date ('Active over a week ago'), so this post could be old.",listing snippet only (no date shown),"eldercare.com jobs, Alameda",https://eldercare.com/jobs/seeking-elder-care-provider-in-alameda-ca-18hour-job,2026-10-03
F115,eldercare.com,elder care,Alameda,Berkeley / Oakland / Alameda,family,not stated,yes,Senior care provider (Alameda),full time,full-time availability,,,,,not shown,not clear,,,not stated,no,no,no,no,yes,no,no,no,no,not stated,not stated,none asked,dementia; tube feeding,"a passionate, excellent individual who has full-time availability","Tube feeding is a medical task. No pay shown. Only the short text on the Alameda listing page was read. The site shows no post date ('Active over a week ago'), so this post could be old.",listing snippet only (no date shown),"eldercare.com jobs, Alameda",https://eldercare.com/jobs/alameda-senior-care-provider-opportunity-elder-job-ca,2026-10-03
F116,eldercare.com,elder care,Alameda,Berkeley / Oakland / Alameda,family,not stated,yes,Bathing help (Alameda),not stated,not shown,,,,,not shown,not clear,16,16,not stated,no,no,yes,no,no,no,no,no,no,not stated,not stated,none asked,none named,My family is looking for trustworthy elder care and Bathing,"Only the short text on the Alameda listing page was read. The site shows no post date ('Active over a week ago'), so this post could be old.",listing snippet only (no date shown),"eldercare.com jobs, Alameda",https://eldercare.com/jobs/bathing-wanted-in-alameda-elder-care-job-ca,2026-10-03
F117,eldercare.com,elder care,Alameda,Berkeley / Oakland / Alameda,family,not stated,yes,Live-in senior care (Alameda),live-in,live-in availability,7,,,,not shown,not clear,,,not stated,no,no,no,no,no,no,no,no,no,not stated,yes,none asked,dementia; intellectual disability,a professional person who has live-in availability,"Driver's license preferred. No pay shown. Only the short text on the Alameda listing page was read. The site shows no post date ('Active over a week ago'), so this post could be old.",listing snippet only (no date shown),"eldercare.com jobs, Alameda",https://eldercare.com/jobs/trustworthy-help-needed-for-my-ntact-me-on-elder-care-job-alameda-ca,2026-10-03
F118,eldercare.com,elder care,Alameda,Berkeley / Oakland / Alameda,family,parent,yes,Dependable caregiver for a mother (Alameda),not stated,not shown,,,,,not shown,not clear,,,not stated,no,no,no,no,no,no,no,no,no,not stated,not stated,none asked,none named,"reply only if your trustworthy, hard-working, and really tender and caring","No tasks named. No pay shown. Only the short text on the Alameda listing page was read. The site shows no post date ('Active over a week ago'), so this post could be old.",listing snippet only (no date shown),"eldercare.com jobs, Alameda",https://eldercare.com/jobs/i-need-a-dependable-caregiver-for-my-mum-relocating-to-the-states-elder-care-job-alameda-ca,2026-10-03
F119,eldercare.com,elder care,Alameda,Berkeley / Oakland / Alameda,family,not stated,yes,Part-time elder care provider (Alameda),part time,part-time,,,,,not shown,not clear,,,not stated,no,no,yes,no,yes,no,no,no,no,not stated,not stated,none asked,none named,searching for an elder care provider living in Alameda,"Wound dressing is listed, which is a medical task. No pay shown. Only the short text on the Alameda listing page was read. The site shows no post date ('Active over a week ago'), so this post could be old.",listing snippet only (no date shown),"eldercare.com jobs, Alameda",https://eldercare.com/jobs/hardworking-elder-care-provider-needed-immediately-job-alameda-ca,2026-10-03
F120,eldercare.com,elder care,Alameda,Berkeley / Oakland / Alameda,family,parent,yes,Part-time Alzheimer's caregiver (Alameda),part time,"late afternoons, 4-6pm approximately; daily check-ins",,2,2,,stated in post,yes,,,not stated,yes,no,no,no,yes,no,no,no,more than reminders,not stated,not stated,none asked,Alzheimer's,"meal prep, medication dispensing, and daily check-ins for my mom","No pay shown. Only the short text on the Alameda listing page was read. The site shows no post date ('Active over a week ago'), so this post could be old.",listing snippet only (no date shown),"eldercare.com jobs, Alameda",https://eldercare.com/jobs/parttime-alzheimers-caregiver-needed-elder-care-job-alameda-ca,2026-10-03
F121,eldercare.com,elder care,Alameda,Berkeley / Oakland / Alameda,family,parent,yes,Caregiver for a mother (Alameda),not stated,not shown,,,,,not shown,not clear,,,not stated,yes,no,no,yes,no,no,no,no,no,not stated,not stated,none asked,cannot walk,We need a trusted caregiver to take her for a walk and prepare her food,"Mother is 86. No pay shown. Only the short text on the Alameda listing page was read. The site shows no post date ('Active over a week ago'), so this post could be old.",listing snippet only (no date shown),"eldercare.com jobs, Alameda",https://eldercare.com/jobs/looking-for-a-caregiver-my-mother-elder-care-job-alameda-ca,2026-10-03
