listing_id,city,area,business_name,accepting_new_clients,certified,has_website,website_read,what_they_do,their_words,notes,source_url,checked
M01,Oakland,Berkeley / Oakland / Alameda,"(one person, no business name listed)",yes,no,yes,yes,"one-on-one technology lessons on the client's own devices, by Zoom only",One-on-One Technology Instruction Delivered on Your Own Personal Devices via Zoom,"Listed in the money manager directory, but the website is about technology lessons. No prices shown.",https://secure.aadmm.com/find-a-dmm/,2026-10-04
M02,Oakland,Berkeley / Oakland / Alameda,Redat Paperwork,yes,no,yes,yes,"sorting papers, building a filing system, setting up bill pay, getting papers ready for a tax preparer, ongoing upkeep for a regular fee",Say goodbye to stress and hello to a new level of organization!,"Calls itself a professional organizer. Clients: busy families and people going through a divorce, a move or a death. No prices shown.",https://secure.aadmm.com/find-a-dmm/,2026-10-04
M03,Berkeley,Berkeley / Oakland / Alameda,Personal Business Assistant and Daily Money Manager,yes,no,yes,yes,"organizing for individuals and businesses, daily money management, bill pay, paperwork and mail",Drowning in the details of your life? Consider them handled.,"Since 2004. Clients from 'a CEO' to 'a retiree'. Free phone or Zoom consultation. Serves Berkeley, Oakland and Marin. No prices shown.",https://secure.aadmm.com/find-a-dmm/,2026-10-04
M04,Alameda,Berkeley / Oakland / Alameda,Money Wrangler,not marked,yes,no,directory profile only,"bill payment for individuals, families and small businesses; budgeting; record keeping",,Since 2004. Also listed in Santa Cruz. Works remotely. No rates shown.,https://secure.aadmm.com/find-a-dmm/,2026-10-04
M05,Oakland,Berkeley / Oakland / Alameda,the Mindful Dollar,yes,no,yes,yes,"bill payment, fraud protection, financial power of attorney, watching accounts, technology guidance",Data Organization & Tech Coach,Works 'at home or remote'. Says it is insured in California. Also listed in Santa Barbara. No prices shown.,https://secure.aadmm.com/find-a-dmm/,2026-10-04
M06,Brentwood,other East Bay,Golden Financial Care,yes,no,yes,no,,,,https://secure.aadmm.com/find-a-dmm/,2026-10-04
M07,Walnut Creek,other East Bay,Wright On Your Money,not marked,no,yes,no,,,,https://secure.aadmm.com/find-a-dmm/,2026-10-04
M08,Alamo,other East Bay,Sabin Life LLC,yes,no,yes,no,,,Listed twice (two people at one business).,https://secure.aadmm.com/find-a-dmm/,2026-10-04
M09,Alamo,other East Bay,Sabin Life LLC (second listing),yes,no,yes,no,,,,https://secure.aadmm.com/find-a-dmm/,2026-10-04
M10,Richmond,other East Bay,Caring Hands Daily Management,yes,no,no,no,,,,https://secure.aadmm.com/find-a-dmm/,2026-10-04
M11,Richmond,other East Bay,OLH Solutions LLC,yes,no,yes,no,,,Also listed in San Mateo.,https://secure.aadmm.com/find-a-dmm/,2026-10-04
