channel,type,area,aide_sets_rate,stated_pay,fees_to_aide,employment_status,requirements_for_aide,notes,source_url,checked
Alameda County Public Authority for IHSS registry,government registry,Alameda County,no (county sets pay),$20.00 an hour; $22.00 if eligible as a back-up provider,none mentioned,recipient is the employer; IHSS pays the provider (per FAQ),application (PA12); new-provider registry workshop; orientation; enrollment agreement; DOJ fingerprinting; two forms of ID,FAQ says registry listing is optional for IHSS work; private-pay clients not stated,https://ac-pa4ihss.org/providers/provider-registry/ ; https://ac-pa4ihss.org/faqs/,2026-10-04
Christel's Home Care Agency,private registry (a listing site calls it a caregiver registry since 1986),"Alameda, Contra Costa and Marin counties",not stated,not stated,not stated,not stated,not stated,homepage only; says pre-screened caregivers,https://www.christelshomecare.com/,2026-10-04
Irish Referral Agency,referral agency,greater Bay Area; office in San Francisco,not stated,not stated,not stated,caregiver becomes an employee of the client after placement (homepage),"Registered Home Care Aide, which includes fingerprinting and background check",homepage only; has a For Caregivers section not read,https://irishreferralagency.com/,2026-10-04
ADG Referral Services,referral agency,"Contra Costa, Alameda, San Francisco and Sonoma counties",not stated,not stated,not stated,not stated,not stated,has a Career Opportunity apply page not read,https://www.adgreferralservices.com/,2026-10-04
Lighthouse Placement & Care Givers,placement agency,Walnut Creek and the Bay Area,not stated,not stated,not stated,not stated,not stated,has a For Caregivers page not read,https://www.lighthousebayarea.com/,2026-10-04
1+1 Cares,referral agency,Oakland (and other locations),not stated,not stated,not stated,not stated,free pre-qualification offered; no other requirements stated,homepage only; says family-direct pricing,https://1plus1cares.com/caregivers/oakland/,2026-10-04
Caring Hands Caregivers,agency (describes itself as an agency),"Bay Area including Berkeley, Oakland and Richmond",not stated,not stated,not stated,not stated,not stated,unclear whether it is a licensed employer or a referral business; Careers page not read,https://www.chcgivers.com/,2026-10-04
CareLinx,marketplace,"nationwide; Oakland page lists 2,555 caregivers",yes (per CareLinx's own blog),Oakland page average $20.80 an hour,review sites say a $20 background check fee and that caregivers keep 100% of earnings; not confirmed by CareLinx,the family is the employer of record (CareLinx blog),"review site lists age 18+, right to work in the US, background check","fees come from review sites, not CareLinx; employment from CareLinx blog",https://www.carelinx.com/caregivers/ca/oakland ; https://www.carelinx.com/blog/whos-the-boss-protecting-your-interests-as-an-employee,2026-10-04
LiveInCare USA,marketplace,all US states including California and the Bay Area,"yes (families and caregivers agree terms, per its blog)",not stated,registration and active listings are free,the site does not employ caregivers; arrangements are between users,not stated,demand in the East Bay not visible on the pages read,https://liveincareusa.com/,2026-10-04
Papa,companion care company,Alameda and Contra Costa counties listed as hiring areas,no (Papa sets pay),up to $18 an hour with bonuses,not stated,not stated,age 21+; driver's license; work authorization; background check and motor vehicle report; car 2010 or newer with insurance; smartphone; English,does not fit a set-your-own-rate plan,https://www.papa.com/locations/california,2026-10-04
Care.com,marketplace,US; this project's posts are East Bay and nearby,families post a pay range; terms read do not say who sets rates,see data/ring_postings.csv,not stated in the part of the terms read,Care.com says it does not employ care providers; contractor or employee status not stated,age 18+; allowed to work in the US; account in legal name; background screening,"terms ban commercial solicitation through its messaging (second reading); arbitration opt-out by mailed letter within 30 days (second reading, not verified by me); Care.com can end an account at any time. Care.com's guidance to families says most senior caregivers are employees",https://www.care.com/about/terms-of-use/ ; https://www.care.com/c/hiring-senior-caregiver-contractor-vs-employee/,2026-10-05
Thumbtack,marketplace,not checked,not checked,not checked,not checked,not checked,not checked,"site blocks automated reading, so the senior care page was not read",https://www.thumbtack.com/,2026-10-04
