post_no,zip,ring_estimate,post_city,job_type,pay_low,pay_high,starts,days_in_schedule,longest_block_hours,light_housekeeping,meal_prep,bathing_dressing,errands_shopping,companionship,has_own_transportation,mobility_assistance,feeding,transportation_required,non_smoker,comfortable_with_pets,physically_active,medication_prompting,heavy_lifting,wound_care,mentions_medication,mentions_hospice,mentions_paperwork,mentions_tech,mentions_spanish,live_in,medical_task_named,medication_wording_your_call,short_visit_block,fit_under_current_rules
R001,94530,1,el-cerrito,Part time,19,25,October 4,1,12,1,1,1,1,1,0,0,1,1,0,0,0,0,0,0,0,0,0,0,0,0,0,0,0,1
R002,94530,1,el-cerrito,Part time,23,31,October 15,1,5.5,0,0,0,1,1,1,0,0,1,1,1,0,0,0,0,0,0,0,0,0,0,0,0,0,1
R003,94607,1,oakland,Part time,20,35,September 30,1,1.5,1,0,0,0,0,0,0,0,0,0,0,1,0,0,0,0,0,0,0,0,0,0,0,1,1
R004,94607,1,oakland,Part time,28,30,September 29,1,12,1,0,0,1,0,0,0,0,0,0,0,0,0,0,0,0,0,0,0,0,0,0,0,0,1
R005,94608,1,emeryville,One time,21,31,December 22,0,,0,0,0,0,0,0,0,0,0,0,0,0,0,0,0,0,0,0,0,0,0,0,0,0,1
R006,94608,1,emeryville,Part time,25,26,September 19,4,2,1,1,1,0,1,1,1,0,0,1,0,0,1,1,0,1,0,0,0,0,0,0,1,1,0
R007,94608,1,emeryville,Full time,30,35,October 5,7,14.5,0,0,1,0,0,1,0,0,0,0,0,0,0,0,0,0,0,0,0,0,0,0,0,0,1
R008,94608,1,emeryville,Part time,21,31,September 22,2,6,1,1,0,1,0,0,0,0,0,0,0,0,0,0,0,0,0,0,0,0,0,0,0,0,1
R009,94608,1,emeryville,Full time,19,24,October 5,6,13,0,0,0,0,1,1,0,0,0,1,0,0,0,0,0,0,0,0,0,0,0,0,0,0,1
R010,94610,1,oakland,One time,18,35,November 9,0,,0,0,0,0,0,0,0,0,0,0,0,0,0,0,0,0,0,0,0,0,0,0,0,0,1
R011,94611,1,oakland,Part time,18,24,January 1,2,7,0,1,1,0,1,1,1,1,0,1,1,1,0,0,0,0,0,0,0,0,0,0,0,0,1
R012,94611,1,oakland,Full time,25,28,September 29,5,9,1,1,0,1,1,1,0,0,1,1,1,0,0,0,0,1,0,0,0,0,0,0,1,0,0
R013,94702,1,berkeley,Part time,19,45,September 14,4,3,1,1,1,0,0,1,0,0,0,0,0,0,0,0,0,0,0,0,1,0,0,0,0,1,1
R014,94704,1,berkeley,Part time,20,25,September 28,3,8,1,1,1,1,1,1,1,1,1,1,0,1,0,0,0,0,0,0,0,0,0,0,0,0,1
R015,94705,1,berkeley,Part time,20,40,November 5,1,9,1,1,0,1,0,0,0,0,1,0,0,0,0,0,0,0,0,1,0,0,0,0,0,0,1
R016,94705,1,berkeley,Part time,20,22,September 16,1,6,1,1,1,1,1,0,1,1,0,0,0,0,0,0,0,0,0,0,0,0,0,0,0,0,1
R017,94707,1,berkeley,Part time,30,30,September 19,7,3,1,1,1,0,0,1,1,1,0,1,1,1,0,1,0,0,0,0,0,0,0,0,0,1,1
R018,94708,1,berkeley,Full time,30,30,September 28,3,12,1,1,0,1,1,0,0,0,1,1,1,1,1,0,0,0,0,0,0,0,0,0,0,0,1
R019,94708,1,berkeley,Full time,20,40,September 25,7,18,1,1,1,1,0,0,1,1,1,0,0,0,0,0,0,0,0,0,0,0,0,0,0,0,1
R020,94708,1,berkeley,One time,20,35,October 1,0,,0,0,0,0,0,0,0,0,0,0,0,0,0,0,0,0,0,0,0,0,0,0,0,0,1
R021,94709,1,berkeley,Full time,28,32,October 5,6,12,1,1,1,1,1,1,1,0,1,1,0,1,1,0,0,0,0,0,0,0,0,0,0,0,1
R022,94710,1,berkeley,Full time,20,40,September 25,6,12,0,0,0,0,0,0,1,0,0,0,0,0,0,0,0,0,0,0,0,0,0,0,0,0,1
R023,94710,1,berkeley,Part time,20,40,September 28,5,6,0,0,1,0,0,0,0,1,0,0,0,0,0,0,0,0,0,0,0,0,0,0,0,0,1
R024,94804,1,richmond,Full time,20,30,September 14,3,12,1,1,0,1,0,1,0,0,0,1,0,1,0,0,0,0,0,0,0,0,0,0,0,0,1
R025,94804,1,richmond,Part time,20,25,September 21,5,4,1,1,1,1,0,1,0,0,1,1,1,1,1,0,0,1,0,0,0,1,0,0,0,0,1
R026,94805,1,richmond,Part time,20,35,September 24,3,6,1,0,1,0,1,1,1,0,0,0,1,0,1,0,1,1,0,0,0,0,0,1,0,0,0
R027,94806,1,san-pablo,Part time,17,22,October 4,1,2,0,0,1,0,0,1,0,1,0,0,0,0,0,0,0,0,0,0,0,0,0,0,0,1,1
R028,94806,1,san-pablo,Full time,17,27,September 22,3,12,1,1,0,1,0,0,1,0,0,0,0,0,0,0,0,0,0,0,0,0,0,0,0,0,1
R029,94501,2,alameda,Full time,22,28,September 28,5,8.5,0,0,1,0,1,0,1,1,0,0,1,0,0,0,0,0,0,0,0,0,0,0,0,0,1
R030,94501,2,alameda,Full time,18,30,October 7,7,24,0,0,0,0,0,1,1,1,0,1,0,0,1,0,0,0,1,0,0,0,0,0,0,0,1
R031,94501,2,alameda,Part time,18,30,September 24,3,6,1,1,1,1,1,0,1,1,1,0,0,0,0,0,0,0,0,0,0,0,0,0,0,0,1
R032,94502,2,alameda,Part time,18,28,September 19,5,3,0,0,1,0,0,0,0,1,0,0,0,0,0,0,0,1,0,0,0,0,0,0,0,1,1
R033,94502,2,alameda,Part time,18,28,September 24,3,6,0,0,1,0,0,0,0,1,0,0,0,0,0,0,0,0,0,0,0,0,0,0,0,0,1
R034,94547,2,hercules,Part time,25,30,September 28,3,7.5,1,0,1,0,0,1,1,0,1,1,0,0,1,0,0,1,0,0,0,0,0,0,0,0,1
R035,94547,2,hercules,Full time,19,29,September 19,5,12,1,1,0,1,1,0,0,0,1,0,0,0,0,0,0,0,0,0,0,0,0,0,0,0,1
R036,94547,2,hercules,Part time,17,25,November 16,2,6,1,1,0,1,0,1,0,0,0,1,0,0,0,0,0,0,0,0,0,0,0,0,0,0,1
R037,94549,2,lafayette,Full time,30,35,September 14,7,24,1,1,1,0,1,1,1,0,1,1,1,0,0,0,0,0,0,0,0,0,0,0,0,0,1
R038,94549,2,lafayette,Part time,25,30,October 19,6,5,1,1,0,1,1,1,0,0,1,0,1,1,0,0,0,0,0,0,0,0,0,0,0,0,1
R039,94556,2,moraga,Full time,17,27,October 1,7,6,1,1,0,1,1,1,0,0,1,0,1,0,0,0,0,0,0,0,0,0,0,0,0,0,1
R040,94556,2,moraga,Full time,17,27,October 9,3,12,0,0,0,0,0,1,0,0,1,1,0,0,0,0,0,0,0,0,0,0,0,0,0,0,1
R041,94563,2,orinda,Full time,17,27,September 23,7,6.5,1,1,1,1,1,1,1,0,1,1,0,0,1,0,0,1,0,0,0,0,0,0,1,0,0
R042,94563,2,orinda,Part time,29,36,October 12,5,4.5,0,0,1,0,1,1,0,1,1,1,1,1,0,0,0,0,0,0,0,0,0,0,0,0,1
R043,94564,2,pinole,Full time,17,17,October 5,7,24,1,0,1,0,1,0,1,0,0,0,1,0,1,0,1,1,0,0,0,0,1,1,1,0,0
R044,94572,2,rodeo,Full time,17,27,September 30,3,12,1,1,0,1,0,0,0,0,1,0,0,0,0,0,0,0,0,0,0,0,0,0,0,0,1
R045,94577,2,san-leandro,Full time,15,30,September 17,3,12,1,1,0,1,0,0,0,0,0,0,0,0,0,0,0,0,0,0,0,0,0,0,0,0,1
R046,94577,2,san-leandro,Part time,25,27,September 25,4,2,1,1,1,0,0,1,1,0,0,0,0,0,0,0,1,0,0,0,0,0,0,1,0,1,0
R047,94577,2,san-leandro,Part time,15,25,September 26,2,6,0,0,1,0,0,0,1,1,0,0,0,0,0,0,0,0,0,0,0,0,0,0,0,0,1
R048,94577,2,san-leandro,Part time,20,26,September 30,5,5,0,1,1,0,1,1,0,1,1,0,1,0,0,0,0,0,0,0,0,0,0,0,0,0,1
R049,94601,2,oakland,Full time,18,30,September 22,4,12,0,0,1,0,0,0,1,1,0,0,1,0,0,1,0,0,0,0,0,0,0,0,0,0,1
R050,94602,2,oakland,Full time,23,30,November 1,7,24,1,1,1,1,1,1,1,0,1,1,1,0,1,0,0,1,0,0,0,0,1,0,0,0,0
R051,94602,2,oakland,Part time,18,28,October 10,2,12,1,1,0,1,1,1,0,0,1,1,0,0,1,0,0,0,0,0,0,0,0,0,0,0,1
R052,94605,2,oakland,Full time,18,28,October 1,5,12,1,0,1,0,0,1,1,1,0,1,0,0,1,0,0,1,0,0,0,0,0,0,1,0,0
R053,94605,2,oakland,Full time,20,25,September 30,5,12,0,0,0,0,1,0,0,0,0,0,0,0,0,0,0,0,0,0,0,0,0,0,0,0,1
R054,94605,2,oakland,Full time,25,30,October 2,5,12,0,0,0,0,1,0,1,0,0,0,0,0,0,0,0,1,0,0,0,0,0,0,0,0,1
R055,94606,2,oakland,Full time,25,30,October 5,6,18,1,1,1,0,1,0,1,1,0,1,0,1,1,0,0,1,0,0,0,0,1,0,0,0,0
R056,94619,2,oakland,Part time,18,20,September 19,1,6,0,0,1,0,0,0,0,1,0,0,0,0,0,0,0,0,0,0,0,0,0,0,0,0,1
R057,94803,2,el-sobrante,Part time,17,27,September 14,2,4,1,1,0,1,1,1,0,0,1,1,0,1,0,1,0,0,0,0,1,0,0,0,0,0,1
R058,94803,2,el-sobrante,Part time,17,22,September 19,2,12,1,1,1,1,1,1,0,1,0,1,1,0,1,0,0,0,0,0,0,0,0,0,0,0,1
R059,94803,2,el-sobrante,Full time,17,26,September 23,6,12,0,0,1,0,0,0,1,1,0,1,1,0,1,1,1,1,0,0,0,0,0,1,0,0,0
R060,94102,3,san-francisco,Part time,20,30,September 25,4,6,0,0,0,0,0,0,0,0,0,0,0,0,0,0,0,0,0,0,0,0,0,0,0,0,1
R061,94102,3,san-francisco,One time,20,30,November 3,0,,0,0,0,0,0,0,0,0,0,0,0,0,0,0,0,0,0,0,0,0,0,0,0,0,1
R062,94102,3,san-francisco,One time,20,30,October 5,0,,0,0,0,0,0,0,0,0,0,0,0,0,0,0,0,0,0,0,0,0,0,0,0,0,1
R063,94103,3,san-francisco,Full time,20,30,September 26,6,6,0,0,0,0,0,0,0,0,0,0,0,0,0,0,0,0,0,0,0,0,1,0,0,0,0
R064,94104,3,san-francisco,Part time,20,40,September 14,5,2,1,1,0,1,0,0,0,0,0,0,0,0,0,0,0,0,0,0,0,0,0,0,0,1,1
R065,94108,3,san-francisco,One time,20,35,October 21,0,,0,0,0,0,0,0,0,0,0,0,0,0,0,0,0,0,0,0,0,0,0,0,0,0,1
R066,94109,3,san-francisco,Part time,20,30,September 21,3,6,1,0,0,1,1,1,0,0,1,1,1,0,0,0,0,0,0,0,0,0,0,0,0,0,1
R067,94109,3,san-francisco,Part time,30,40,October 5,2,6,0,0,0,1,1,1,0,0,1,0,0,1,1,0,0,1,0,0,1,0,0,0,0,0,1
R068,94109,3,san-francisco,Part time,20,30,September 30,3,6,1,1,1,1,1,0,1,1,0,0,0,0,0,0,0,0,0,0,0,0,0,0,0,0,1
R069,94110,3,san-francisco,Full time,20,30,September 29,4,12,0,0,0,1,1,1,0,0,0,1,0,0,0,0,0,0,0,0,0,0,0,0,0,0,1
R070,94110,3,san-francisco,Part time,25,32,September 14,4,5,1,1,1,1,1,0,1,1,1,0,1,1,1,0,0,0,0,0,0,0,0,0,0,0,1
R071,94110,3,san-francisco,Part time,20,50,September 18,2,6,1,1,0,1,0,0,0,0,0,0,0,0,0,0,0,0,0,0,0,0,0,0,0,0,1
R072,94110,3,san-francisco,Full time,25,35,September 25,4,12,1,1,0,1,1,0,0,0,1,0,0,0,0,0,0,0,0,0,0,0,0,0,0,0,1
R073,94112,3,san-francisco,Full time,20,20,October 5,5,7,1,1,1,0,1,1,1,0,0,1,0,1,1,0,0,1,1,0,0,0,0,0,0,0,1
R074,94114,3,san-francisco,Part time,20,34,September 14,2,6,1,0,0,1,0,1,0,0,1,0,1,0,0,0,0,1,0,0,0,0,0,0,0,0,1
R075,94114,3,san-francisco,Part time,25,35,October 7,2,5,1,1,0,1,0,1,0,0,1,1,0,0,0,0,0,0,0,0,0,0,0,0,0,0,1
R076,94115,3,san-francisco,Full time,40,50,September 28,5,12,0,0,0,0,0,0,0,0,0,0,0,0,0,0,0,0,0,0,0,0,0,0,0,0,1
R077,94116,3,san-francisco,Part time,20,30,September 28,4,4,1,1,0,0,1,0,0,0,0,1,0,0,0,0,0,0,0,0,0,0,0,0,0,0,1
R078,94116,3,san-francisco,Full time,20,30,September 29,5,12,1,1,0,1,1,0,1,0,1,0,0,0,0,0,0,0,0,0,0,0,0,0,0,0,1
R079,94116,3,san-francisco,Full time,20,35,October 1,5,8,1,1,1,1,0,0,1,1,0,0,1,1,0,0,0,0,0,0,0,0,0,0,0,0,1
R080,94116,3,san-francisco,Part time,20,28,October 10,2,10,1,1,1,1,1,0,1,1,0,0,1,1,0,0,0,1,0,0,0,0,0,0,0,0,1
R081,94116,3,san-francisco,Part time,20,30,October 1,5,4,1,1,0,1,0,1,0,0,0,0,0,0,0,0,0,0,0,0,0,0,0,0,0,0,1
R082,94117,3,san-francisco,Part time,20,30,September 17,2,6,0,0,0,0,1,1,0,0,0,1,0,0,0,0,0,0,0,0,0,0,0,0,0,0,1
R083,94118,3,san-francisco,Part time,31,38,October 12,2,4,1,1,0,1,1,0,0,0,1,1,0,0,1,0,0,0,0,1,0,0,0,0,0,0,1
R084,94118,3,san-francisco,Part time,20,35,September 23,5,6,1,1,0,1,0,0,0,0,0,0,0,0,0,0,0,0,0,0,0,0,0,0,0,0,1
R085,94118,3,san-francisco,Part time,25,35,October 19,3,6,0,1,0,1,1,0,0,0,1,1,1,1,0,0,0,0,0,0,0,0,1,0,0,0,0
R086,94121,3,san-francisco,One time,20,50,December 15,0,,0,0,0,0,0,0,0,0,0,0,0,0,0,0,0,0,0,0,0,0,0,0,0,0,1
R087,94121,3,san-francisco,Part time,20,50,September 22,4,6,1,1,1,1,1,0,1,1,1,0,0,0,0,0,0,0,0,0,0,0,0,0,0,0,1
R088,94122,3,san-francisco,Part time,25,35,September 14,3,1.5,0,0,0,0,0,1,0,0,1,0,0,0,0,0,0,0,0,0,0,0,0,0,0,1,1
R089,94122,3,san-francisco,Part time,20,35,September 24,3,6,1,1,0,1,0,1,0,0,0,1,1,0,0,0,0,1,0,0,0,0,0,0,0,0,1
R090,94122,3,san-francisco,Part time,30,30,October 23,3,7,0,0,1,0,0,0,0,1,1,0,0,1,1,0,0,1,0,0,0,0,0,0,0,0,1
R091,94124,3,san-francisco,Part time,20,25,September 26,3,6,1,1,0,1,0,0,0,0,0,0,0,0,0,0,0,0,0,0,0,0,0,0,0,0,1
R092,94127,3,san-francisco,Full time,20,30,October 1,5,6,1,1,0,1,0,0,1,0,0,1,0,0,0,0,0,0,0,0,0,0,0,0,0,0,1
R093,94127,3,san-francisco,Part time,20,25,September 26,2,12,1,1,1,1,0,0,0,1,1,0,0,0,0,0,0,0,0,0,0,0,0,0,0,0,1
R094,94127,3,san-francisco,One time,20,30,October 1,0,,0,0,0,0,0,0,0,0,0,0,0,0,0,0,0,0,0,0,0,0,0,0,0,0,1
R095,94133,3,san-francisco,Part time,28,44,October 15,1,5,1,1,0,1,1,1,0,0,1,1,0,1,1,0,0,0,0,0,0,0,0,0,0,0,1
R096,94134,3,san-francisco,Part time,20,30,September 16,2,6,1,1,1,1,1,0,1,1,1,0,0,0,0,0,0,0,0,0,0,1,0,0,0,0,1
R097,94134,3,san-francisco,One time,20,23,October 5,0,,0,0,0,0,0,0,0,0,0,0,0,0,0,0,0,0,0,0,0,0,0,0,0,0,1
R098,94134,3,san-francisco,Part time,20,40,October 2,1,24,1,1,1,1,1,0,1,1,0,0,0,0,0,0,0,0,0,0,0,0,0,0,0,0,1
R099,94134,3,san-francisco,Part time,20,35,October 3,3,6,1,1,0,0,0,1,1,1,0,1,0,0,0,0,0,0,0,0,0,0,0,1,0,0,0
R100,94134,3,san-francisco,Part time,20,30,October 5,2,6,1,1,1,1,1,0,0,1,0,0,0,0,0,0,0,0,0,0,0,0,0,0,0,0,1
R101,94143,3,san-francisco,Full time,20,30,October 1,4,24,0,0,0,0,1,0,0,0,0,0,0,0,0,0,0,0,0,0,1,0,0,0,0,0,1
R102,94510,3,benicia,Part time,17,27,September 15,3,6,0,0,1,0,0,0,0,1,0,0,0,0,0,0,0,0,0,0,0,0,0,0,0,0,1
R103,94510,3,benicia,One time,17,27,November 2,0,,0,0,0,0,0,0,0,0,0,0,0,0,0,0,0,0,0,0,0,0,0,0,0,0,1
R104,94510,3,benicia,Part time,18,22,September 29,3,6,1,1,1,1,1,1,1,0,1,0,1,1,1,0,1,1,0,0,0,0,0,1,0,0,0
R105,94510,3,benicia,Full time,17,27,September 30,7,6,0,0,1,0,0,0,1,1,0,0,0,0,0,0,0,0,0,0,0,0,0,0,0,0,1
R106,94518,3,concord,Part time,17,29,September 24,4,6,1,1,0,1,1,0,0,0,1,0,0,0,0,0,0,0,0,0,0,0,0,0,0,0,1
R107,94518,3,concord,One time,17,27,October 13,0,,0,0,0,0,0,0,0,0,0,0,0,0,0,0,0,0,0,0,0,0,0,0,0,0,1
R108,94520,3,concord,Full time,17,24,September 18,7,18,1,1,1,1,1,1,1,0,0,0,1,0,1,0,0,1,0,0,0,0,0,0,1,0,0
R109,94521,3,concord,Part time,17,25,September 16,2,7,1,1,1,1,1,1,1,1,0,1,0,1,0,0,0,0,0,0,0,0,0,0,0,0,1
R110,94521,3,concord,Part time,20,25,October 10,2,4,1,1,1,0,1,0,0,0,0,0,0,0,1,0,1,1,0,0,0,0,0,1,0,0,0
R111,94523,3,pleasant-hill,One time,20,25,October 28,0,,0,0,0,0,0,0,0,0,0,0,0,0,0,0,0,0,0,0,0,0,0,0,0,0,1
R112,94523,3,pleasant-hill,Part time,17,27,October 3,5,6,1,0,0,0,0,0,1,0,0,0,0,1,0,0,0,0,0,0,0,0,0,0,0,0,1
R113,94540,3,hayward,Full time,17,30,October 3,3,12,0,0,0,0,0,0,0,0,0,0,0,0,0,0,0,0,0,0,0,0,0,0,0,0,1
R114,94541,3,hayward,Full time,22,25,September 21,7,13.5,1,1,1,0,0,0,1,0,0,0,0,1,1,0,0,1,0,0,0,0,1,0,0,0,0
R115,94541,3,hayward,One time,17,24,October 12,0,,0,0,0,0,0,0,0,0,0,0,0,0,0,0,0,0,0,0,0,0,0,0,0,0,1
R116,94541,3,hayward,Full time,17,30,September 27,7,6,0,0,0,0,0,0,1,0,0,0,0,0,0,0,0,0,0,0,0,0,0,0,0,0,1
R117,94541,3,hayward,Part time,20,26,September 30,2,10,0,1,1,0,1,1,1,1,1,1,1,1,0,0,0,0,0,0,0,0,0,0,0,0,1
R118,94541,3,hayward,Part time,18,29,October 1,1,6,1,1,0,1,0,0,0,0,0,0,0,0,0,0,0,0,0,0,0,0,0,0,0,0,1
R119,94544,3,hayward,Full time,17,27,September 16,5,18,0,0,1,0,1,0,1,1,1,0,0,0,0,0,0,0,0,0,0,0,0,0,0,0,1
R120,94544,3,hayward,Part time,17,21,September 29,1,8,0,0,0,0,1,1,0,1,0,0,1,0,0,0,0,0,0,0,1,0,0,0,0,0,1
R121,94546,3,castro-valley,Part time,17,31,September 23,2,6,1,1,0,1,0,0,0,0,1,0,0,0,0,0,0,0,0,0,0,0,0,0,0,0,1
R122,94546,3,castro-valley,One time,17,38,December 1,0,,0,0,0,0,0,0,0,0,0,0,0,0,0,0,0,0,0,0,0,1,0,0,0,0,1
R123,94546,3,castro-valley,Part time,17,27,October 2,1,12,1,1,0,1,1,0,0,0,0,0,0,0,0,0,0,0,0,0,0,0,0,0,0,0,1
R124,94552,3,castro-valley,Part time,17,31,September 28,5,5,1,1,0,0,1,1,0,0,0,0,1,0,1,0,0,1,0,0,0,0,0,0,0,0,1
R125,94552,3,castro-valley,Part time,25,35,October 11,1,6,1,1,1,0,0,1,0,0,0,0,0,0,0,0,0,0,0,0,0,0,0,0,0,0,1
R126,94553,3,martinez,Full time,17,27,October 7,5,10,0,1,0,1,1,0,0,0,1,1,0,1,0,0,0,0,0,0,0,0,0,0,0,0,1
R127,94553,3,martinez,Part time,17,27,September 22,2,8,0,0,0,0,0,0,0,0,0,0,0,0,0,0,0,0,0,0,0,0,0,0,0,0,1
R128,94553,3,martinez,Part time,22,30,September 22,5,6,0,0,0,0,0,0,0,0,1,0,0,0,0,0,0,0,0,0,0,0,0,0,0,0,1
R129,94553,3,martinez,Part time,17,27,September 25,5,6,0,0,0,0,1,0,0,0,0,0,0,0,0,0,0,0,1,0,0,0,0,0,0,0,1
R130,94589,3,vallejo,Full time,20,25,October 1,5,16,1,1,0,1,0,1,0,0,1,0,0,1,1,0,0,1,0,0,0,0,0,0,0,0,1
R131,94589,3,vallejo,Full time,17,27,September 22,4,12,1,1,0,1,0,0,0,0,0,0,0,0,0,0,0,0,0,0,0,0,0,0,0,0,1
R132,94589,3,vallejo,Full time,17,31,September 30,7,24,0,0,1,0,0,0,1,1,0,0,0,0,0,0,0,0,0,0,0,0,0,0,0,0,1
R133,94591,3,vallejo,Part time,20,26,September 28,5,3,1,1,1,0,0,1,1,0,0,0,1,1,0,1,0,0,0,0,0,0,0,0,0,1,1
R134,94591,3,vallejo,Full time,17,19,September 21,7,24,1,1,1,1,1,0,1,1,1,0,0,0,0,0,0,0,0,0,0,0,0,0,1,0,0
R135,94591,3,vallejo,Full time,17,27,October 4,7,5,1,1,1,1,1,0,1,1,1,0,0,0,0,0,0,0,0,0,0,0,0,0,0,0,1
R136,94595,3,walnut-creek,Full time,17,30,September 22,7,24,1,1,1,1,0,0,1,1,0,0,0,0,0,0,0,0,0,0,0,0,0,0,0,0,1
R137,94595,3,walnut-creek,Part time,20,30,October 1,2,6,1,1,0,1,0,0,0,0,0,0,0,0,0,0,0,0,0,0,0,0,0,0,0,0,1
R138,94596,3,walnut-creek,Full time,27,49,September 28,7,24,0,1,1,1,0,1,1,1,1,1,1,0,1,1,1,1,0,0,0,0,0,1,1,0,0
R139,94597,3,walnut-creek,Part time,17,30,September 23,2,6,0,0,0,0,1,0,0,0,0,0,0,0,0,0,0,0,0,0,0,0,0,0,0,0,1
R140,94598,3,walnut-creek,Part time,17,31,September 20,5,6,0,0,0,0,0,1,0,0,0,0,0,0,0,0,0,0,0,0,0,0,0,0,0,0,1
R141,94901,3,san-rafael,Part time,35,35,October 3,2,3,0,0,0,1,1,1,0,0,0,1,1,0,1,0,0,0,0,0,1,0,0,0,0,1,1
R142,94901,3,san-rafael,Part time,25,35,September 22,3,6,1,1,0,1,1,1,0,0,1,1,0,1,1,0,0,1,0,0,0,0,0,0,0,0,1
R143,94901,3,san-rafael,Full time,17,25,October 1,7,24,1,1,0,1,1,1,0,0,1,1,0,0,0,0,0,0,0,0,0,0,1,0,0,0,0
R144,94901,3,san-rafael,Part time,17,27,September 26,3,6,0,0,0,0,1,0,0,0,0,0,0,0,0,0,0,0,0,0,0,0,0,0,0,0,1
R145,94901,3,san-rafael,Part time,28,30,October 1,7,3,1,1,0,1,1,1,0,0,1,0,0,0,1,0,0,1,0,0,0,0,0,0,0,1,1
R146,94903,3,san-rafael,Part time,28,30,September 14,3,2,1,0,1,0,1,0,0,0,0,0,0,1,1,0,0,1,0,0,0,0,0,0,0,1,1
R147,94903,3,san-rafael,Part time,17,27,September 15,5,4,0,0,0,0,1,0,0,0,0,0,0,0,0,0,0,0,0,0,0,0,0,0,0,0,1
R148,94903,3,san-rafael,Part time,17,30,October 19,1,6,1,0,1,1,1,1,0,0,0,1,0,0,0,0,0,0,0,0,0,0,0,0,0,0,1
R149,94903,3,san-rafael,One time,22,35,December 26,0,,0,0,0,0,0,0,0,0,0,0,0,0,0,0,0,0,0,0,0,0,0,0,0,0,1
R150,94904,3,greenbrae,Part time,24,24,September 14,5,5,1,1,1,1,1,0,1,1,1,0,1,1,1,0,0,1,0,0,0,0,0,0,1,0,0
R151,94904,3,greenbrae,Part time,25,40,October 25,3,4.5,0,0,0,0,1,1,1,0,0,0,1,0,1,0,0,1,0,0,0,0,0,0,0,0,1
R152,94904,3,greenbrae,Full time,17,27,September 26,7,12,1,1,1,1,0,0,1,1,1,0,0,0,0,0,0,0,0,0,0,0,0,0,0,0,1
R153,94965,3,sausalito,Part time,17,50,October 2,2,6,1,1,0,1,0,0,0,0,0,0,0,0,0,0,0,0,0,0,0,0,0,0,0,0,1
R154,94014,edge,daly-city,Part time,18,28,September 20,1,6,0,0,0,0,0,0,1,0,0,0,0,0,0,0,0,0,0,0,0,0,0,0,0,0,1
R155,94014,edge,daly-city,Full time,18,29,October 3,7,18,1,1,1,1,0,0,0,1,0,0,0,0,0,0,0,0,0,0,0,0,0,0,0,0,1
R156,94015,edge,daly-city,Part time,18,20,September 16,5,6,0,0,1,0,0,0,1,1,0,0,0,0,0,0,0,0,0,0,0,0,0,0,0,0,1
R157,94506,edge,danville,Part time,17,30,September 18,3,5,1,0,1,0,0,1,1,0,0,1,0,1,1,0,0,1,0,0,0,0,0,0,0,0,1
R158,94506,edge,danville,Full time,17,35,October 1,5,12,1,1,1,1,1,1,1,0,1,0,0,1,1,0,0,1,0,0,0,0,0,0,1,0,0
R159,94506,edge,danville,Part time,17,27,September 22,1,6,1,1,0,0,0,0,0,0,0,1,0,0,0,0,0,0,0,0,0,0,0,0,0,0,1
R160,94506,edge,danville,Full time,17,27,October 2,5,12,1,1,0,0,0,1,0,0,0,0,0,0,0,0,0,0,0,0,0,0,0,0,0,0,1
R161,94517,edge,clayton,Full time,25,35,October 5,7,12,1,1,1,1,1,0,0,1,1,0,0,0,0,0,0,0,0,0,0,0,0,0,0,0,1
R162,94526,edge,danville,Full time,17,36,September 19,7,24,1,1,1,1,1,0,1,1,1,0,0,0,0,0,0,0,0,0,0,0,0,0,0,0,1
R163,94526,edge,danville,Part time,17,27,September 19,2,6,1,1,1,1,0,0,0,1,1,0,0,0,0,0,0,0,0,0,0,0,0,0,0,0,1
R164,94526,edge,danville,Part time,17,27,September 25,3,6,1,1,0,1,1,1,0,0,1,1,0,1,0,0,0,0,0,0,0,0,0,0,0,0,1
R165,94526,edge,danville,Part time,17,27,September 24,2,6,1,1,1,1,1,0,0,1,0,0,0,0,0,0,0,0,0,0,0,0,0,0,0,0,1
R166,94526,edge,danville,Full time,22,35,September 27,6,7,1,1,0,1,1,0,0,0,1,0,0,0,0,0,0,0,0,0,0,0,0,0,0,0,1
R167,94526,edge,danville,Part time,25,30,October 2,4,8.5,0,0,0,0,1,1,0,0,1,1,1,0,0,0,0,0,0,0,0,0,0,0,0,0,1
R168,94526,edge,danville,Full time,20,45,October 3,7,12,0,0,1,0,0,0,0,1,0,0,0,0,0,0,0,0,0,0,0,0,0,0,0,0,1
R169,94536,edge,fremont,Part time,19,29,September 14,5,6,0,0,1,0,0,0,0,1,0,0,0,0,0,0,0,0,0,0,0,0,0,0,0,0,1
R170,94536,edge,fremont,Part time,19,29,September 30,1,6,1,1,0,1,1,1,0,0,1,1,1,1,1,0,0,1,0,1,0,0,0,0,1,0,0
R171,94565,edge,pittsburg,Part time,17,23,September 14,5,3,1,1,0,1,0,1,0,0,0,1,0,0,0,0,0,0,0,0,0,0,0,0,0,1,1
R172,94565,edge,pittsburg,Full time,17,26,September 28,3,12,0,0,1,0,0,0,1,1,0,0,0,0,0,0,0,0,0,0,0,1,0,0,0,0,1
R173,94568,edge,dublin,Part time,18,25,September 21,2,4,0,0,0,0,0,1,0,0,0,1,0,0,0,0,0,0,0,0,0,0,0,0,0,0,1
R174,94568,edge,dublin,Part time,24,27,September 18,4,6.5,1,1,1,1,0,1,0,1,0,1,0,0,0,0,0,0,0,0,0,0,0,0,0,0,1
R175,94568,edge,dublin,Part time,17,30,October 2,7,2,0,0,1,0,0,1,1,1,0,1,0,0,0,0,0,0,0,0,0,0,0,0,0,1,1
R176,94568,edge,dublin,Part time,17,27,October 3,5,6,0,0,1,0,0,0,0,1,0,0,0,0,0,0,0,0,0,0,0,0,0,0,0,0,1
R177,94582,edge,san-ramon,One time,19,19,October 1,0,,0,0,0,0,0,0,0,0,0,0,0,0,0,0,0,0,0,0,0,1,0,0,0,0,1
R178,94582,edge,san-ramon,Part time,20,25,October 26,3,4,1,1,1,0,0,1,1,1,0,0,1,0,1,0,0,1,0,0,0,0,1,0,0,0,0
R179,94582,edge,san-ramon,Part time,25,40,September 21,1,6,1,1,0,1,1,0,0,0,0,0,0,0,0,0,0,0,0,0,0,0,0,0,0,0,1
R180,94582,edge,san-ramon,Full time,17,27,September 26,7,9,0,0,1,0,0,0,0,1,0,0,0,0,0,0,0,0,0,0,0,0,0,0,0,0,1
R181,94582,edge,san-ramon,Part time,17,30,October 7,3,6,1,1,1,1,0,1,1,1,0,0,0,0,1,0,0,1,0,0,0,0,0,1,0,0,0
R182,94582,edge,san-ramon,Full time,17,27,October 3,7,6,0,0,0,0,0,0,0,0,1,0,0,0,0,0,0,0,0,0,0,0,0,0,0,0,1
R183,94583,edge,san-ramon,Part time,17,30,September 30,5,6,0,0,1,0,0,0,1,1,1,0,0,0,0,0,0,0,0,0,0,0,0,0,0,0,1
R184,94583,edge,san-ramon,Full time,17,40,October 5,5,12,1,1,1,1,0,1,1,0,1,0,1,0,1,0,0,1,0,0,0,0,0,0,0,0,1
R185,94583,edge,san-ramon,Full time,17,27,October 2,6,6,1,0,0,1,0,1,1,0,0,1,0,1,1,0,0,1,0,0,0,0,0,0,1,0,0
R186,94583,edge,san-ramon,One time,17,20,October 27,0,,0,0,0,0,0,0,0,0,0,0,0,0,0,0,0,0,0,0,0,0,0,0,0,0,1
R187,94587,edge,union-city,Full time,17,25,September 25,4,12,0,0,1,0,0,0,0,1,0,0,0,0,0,0,0,1,0,0,0,0,0,0,1,0,0
R188,94587,edge,union-city,Part time,17,25,October 5,2,4,1,1,0,0,1,1,0,0,0,1,0,1,1,0,0,1,0,0,0,0,0,0,0,0,1
R189,94587,edge,union-city,Part time,17,27,October 5,2,4,1,1,0,0,0,1,1,0,1,1,0,1,1,0,0,1,0,0,0,0,0,0,0,0,1
R190,94587,edge,union-city,Part time,17,25,October 22,4,7,1,1,0,0,0,1,0,1,0,1,0,0,0,0,0,0,0,0,0,0,0,0,0,0,1
R191,94587,edge,union-city,Full time,17,25,October 3,7,12,1,1,1,1,0,0,0,1,1,0,0,0,0,0,0,0,0,0,0,0,0,0,0,0,1
R192,94947,edge,novato,Part time,17,27,September 23,3,6,1,1,0,1,1,0,0,0,0,0,0,0,0,0,0,0,0,0,0,0,0,0,0,0,1
R193,94949,edge,novato,Part time,20,35,October 11,2,9,1,1,1,0,1,0,1,0,0,0,1,0,1,0,0,1,0,0,0,0,0,0,0,0,1
R194,94949,edge,novato,Full time,22,30,September 24,7,12,0,0,1,0,0,0,0,1,0,0,0,0,0,0,0,0,0,0,0,0,0,0,0,0,1
R195,93230,far,hanford,Part time,20,25,September 16,5,6,1,1,1,1,0,1,1,0,0,1,0,0,0,0,0,0,0,0,0,0,0,0,0,0,1
R196,94002,far,belmont,Part time,19,36,October 18,3,6,1,1,0,0,1,1,1,0,0,1,1,1,1,0,0,0,0,0,0,0,0,0,0,0,1
R197,94010,far,burlingame,Full time,18,42,September 30,5,24,1,1,1,1,0,0,0,1,1,0,0,0,0,0,0,0,0,0,0,0,0,0,0,0,1
R198,94010,far,burlingame,Part time,18,26,October 5,4,4,0,0,1,0,0,0,0,1,0,0,0,0,0,0,0,1,0,0,0,0,0,0,0,0,1
R199,94024,far,los-altos,Part time,28,36,October 1,7,2.5,0,0,1,0,0,1,1,0,0,0,0,0,0,1,0,0,0,0,0,0,0,0,0,1,1
R200,94024,far,los-altos,Part time,29,36,October 1,7,3,0,0,1,0,0,1,1,0,0,0,0,0,0,1,0,0,0,0,0,0,0,0,0,1,1
R201,94025,far,menlo-park,Part time,25,30,September 27,2,3,1,1,1,0,0,0,1,0,0,1,0,1,0,0,0,0,0,0,0,0,0,0,0,1,1
R202,94025,far,menlo-park,Full time,18,32,October 5,5,6.5,1,1,0,1,1,1,0,0,1,1,1,1,0,0,0,0,0,0,1,0,0,0,0,0,1
R203,94025,far,menlo-park,Full time,18,25,October 2,7,24,1,1,1,1,1,0,1,1,1,1,0,1,1,0,0,1,0,0,0,0,1,0,1,0,0
R204,94040,far,mountain-view,Full time,30,40,September 29,5,9,1,1,1,0,1,1,1,0,0,1,1,1,0,0,0,0,0,0,0,0,0,0,0,0,1
R205,94066,far,san-bruno,Full time,18,23,October 3,7,9,1,1,1,1,1,1,0,1,0,0,0,0,0,0,0,0,0,0,0,0,0,0,0,0,1
R206,94086,far,sunnyvale,Part time,21,26,September 25,3,5,1,1,1,0,1,0,0,0,0,0,1,1,0,0,0,0,0,0,0,0,0,0,0,0,1
R207,94087,far,sunnyvale,Part time,20,30,September 22,5,6,0,0,1,0,0,1,0,0,0,1,0,0,0,0,1,0,0,0,0,0,0,1,0,0,0
R208,94087,far,sunnyvale,Full time,20,30,September 24,7,24,1,1,1,1,0,0,1,1,0,0,0,0,0,0,0,0,0,0,0,0,0,0,0,0,1
R209,94087,far,sunnyvale,Part time,20,25,October 12,5,6,1,1,1,1,0,1,0,1,0,1,1,0,0,0,0,0,0,0,0,0,0,0,0,0,1
R210,94087,far,sunnyvale,Full time,20,30,October 12,7,24,1,1,1,0,0,0,1,0,0,0,0,0,0,0,0,0,0,0,0,0,1,0,0,0,0
R211,94089,far,sunnyvale,Part time,20,35,September 25,5,4,1,1,0,0,1,1,1,0,1,1,0,0,0,0,0,0,0,0,0,0,0,0,0,0,1
R212,94301,far,palo-alto,Full time,19,35,September 26,6,6,0,0,1,0,1,0,1,0,0,1,1,0,0,0,1,0,0,0,0,0,0,1,0,0,0
R213,94303,far,palo-alto,One time,32,32,October 5,0,,0,0,0,0,0,0,0,0,0,0,0,0,0,0,0,0,0,0,0,0,0,0,0,0,1
R214,94303,far,palo-alto,Part time,20,26,October 11,1,8.5,0,0,0,0,1,1,0,0,0,1,0,1,0,0,0,0,0,0,0,0,0,0,0,0,1
R215,94306,far,palo-alto,Part time,30,40,October 12,5,3,1,1,0,1,0,1,0,0,1,0,0,0,0,0,0,0,0,0,0,0,0,0,0,1,1
R216,94403,far,san-mateo,Part time,19,29,October 2,2,6,0,0,1,0,0,0,0,1,0,0,0,0,0,0,0,0,0,0,0,0,0,0,0,0,1
R217,94513,far,brentwood,Part time,17,25,September 26,5,6,1,1,1,0,0,1,1,0,1,1,1,0,0,0,0,0,0,0,0,0,0,0,0,0,1
R218,94513,far,brentwood,Part time,17,27,September 29,5,6,1,1,0,1,0,0,0,0,0,0,0,0,0,0,0,0,0,0,0,0,0,0,0,0,1
R219,94531,far,antioch,Part time,17,27,September 19,2,12,1,1,0,1,1,0,0,0,0,0,0,0,0,0,0,0,0,0,0,0,0,0,0,0,1
R220,94531,far,antioch,Part time,17,22,September 26,2,8,1,1,1,1,1,0,0,1,0,0,0,0,0,0,0,0,0,0,0,0,0,0,0,0,1
R221,94531,far,antioch,Part time,17,27,October 2,5,6,1,1,0,1,0,0,1,0,0,0,0,0,0,0,0,0,0,0,0,0,0,0,0,0,1
R222,94539,far,fremont,One time,18,25,October 6,0,,0,0,0,0,0,0,0,0,0,0,0,0,0,0,0,0,0,0,0,0,0,0,0,0,1
R223,94539,far,fremont,Full time,19,28,September 21,3,12,0,0,1,0,1,0,0,1,0,0,0,0,0,0,0,0,0,0,0,0,0,0,0,0,1
R224,94539,far,fremont,Full time,19,30,September 25,7,6,1,1,1,1,1,0,0,1,0,0,0,0,0,0,0,0,0,0,0,0,0,0,0,0,1
R225,94539,far,fremont,Full time,19,29,September 26,7,24,1,1,1,1,0,0,0,1,0,0,0,0,0,0,0,0,0,0,0,0,0,0,0,0,1
R226,94539,far,fremont,Part time,19,29,October 5,5,4,0,0,1,0,1,0,1,1,0,0,0,0,1,0,1,0,0,0,0,0,0,1,0,0,0
R227,94550,far,livermore,Full time,23,25,October 5,7,24,1,1,1,1,1,1,1,1,1,1,0,1,1,1,1,1,0,0,0,0,1,1,0,0,0
R228,94560,far,newark,Full time,17,50,October 1,3,12,1,1,1,1,1,0,1,1,1,0,0,0,0,0,0,0,0,0,0,0,0,0,0,0,1
R229,94561,far,oakley,Full time,20,25,October 4,6,6,0,0,1,0,1,0,1,1,1,0,0,1,0,0,1,0,0,0,0,0,0,1,0,0,0
R230,94566,far,pleasanton,Part time,25,25,September 14,1,12,1,1,1,1,0,1,1,0,0,0,1,0,0,1,0,0,0,0,0,0,0,0,0,0,1
R231,94566,far,pleasanton,Part time,24,25,September 29,3,4,0,0,0,0,1,1,0,0,0,0,0,1,0,0,0,0,0,0,0,0,0,0,0,0,1
R232,94566,far,pleasanton,Full time,25,25,September 23,5,24,1,1,1,1,1,1,1,0,0,0,1,0,0,1,0,0,0,0,0,0,1,0,0,0,0
R233,94566,far,pleasanton,Full time,17,30,October 1,7,6,1,1,0,1,1,0,0,0,0,0,0,0,0,0,0,0,0,0,0,0,0,0,0,0,1
R234,95050,far,santa-clara,Full time,19,36,September 26,3,12,1,1,0,1,0,0,0,0,1,0,0,0,0,0,0,0,0,0,0,0,0,0,0,0,1
