row_id,name_used,kind_of_work,who_hires,where_posted,city_or_area,what_they_do,what_they_ask_for,pay_seen,hours_or_schedule,listings_read,listings_site_says_exist,mentions_older_adults,their_words,notes,source_url,checked
W01,family assistant,"employee of a family, usually through a placement firm",busy families with children,Indeed,search for Berkeley; jobs across the Bay Area,"childcare, family calendars, laundry, meal prep, errands, household upkeep",,"$28 to $65 an hour; three salaried at $100,000 to $140,000 a year",,13,"323 (site count, includes nearby cities and related jobs)",0 of 13,Manage family calendars and reminders,"East Bay examples: Oakland $45, Piedmont $40-45 and $28-35, Walnut Creek $36-42.","https://www.indeed.com/q-family-assistant-l-berkeley,-ca-jobs.html",2026-10-04
W02,"household assistant, household manager","employee of a family, usually through a placement firm",busy families with children,ZipRecruiter,search for Oakland; most jobs on the Peninsula,"household organizing, scheduling, meal prep, childcare support, errands",,"$33 to $55 an hour; one at $75,000 to $125,000 a year",,14,1000+ (site count),0 of 14,,"20 listings shown, 14 different. The site's own average for the title in Oakland is $25.42 an hour. East Bay example: Livermore $33-37.","https://www.ziprecruiter.com/Jobs/Household-Assistant/-in-Oakland,CA",2026-10-04
W03,house manager and family assistant,"employee of a family, through a placement firm",a family with children,placement firm's own job page,Piedmont,"family calendars, travel planning, booking home maintenance, groceries and restocking, online orders and returns, mail, batch cooking, laundry, tidying, afternoon childcare and school pick-ups, car upkeep; projects: organizing storage, seasonal swaps, getting ready for holidays and guests, supervising service people",past nanny experience; past house manager experience; organized and tech-savvy; works without supervision; own car; background check; vaccinations,$40 to $45 an hour plus mileage,"25 hours a week, Monday to Friday 12pm to 6pm",1,,no,"Naturally organized, tech-savvy (Google Suite knowledge a plus)",,https://sage-haus.breezy.hr/p/3f3334cd9133-house-manager-family-assistant-hybrid-childcare-support,2026-10-04
W04,morning family assistant,"employee of a family, through a nanny agency",a family with a young child,Indeed,Oakland,"getting a child ready, driving to preschool, dishwasher, grocery shopping, errands",paid childcare experience; references; experience driving children; clean driving record and own car; background check,$45 to $50 an hour,"part time, 20 hours a week",1,,no,Clean driving record + reliable vehicle,Says Spanish-speaking is preferred but not required.,"https://www.indeed.com/q-family-assistant-l-berkeley,-ca-jobs.html",2026-10-04
W05,personal assistant,"employee, placed by a staffing agency; or remote contractor",executives and very wealthy households; a few small companies,ZipRecruiter,search for Oakland; jobs in San Francisco and the Peninsula,"scheduling, travel planning, household coordination, executive support",,"$120,000 to $250,000 a year full time; remote contractor $25 to $40 an hour",,10,1000+ (site count),0 of 10,,"20 listings shown, each one twice, so 10 different. The site's own average for the title in Oakland is $26.61 an hour; most earn $19.04 to $29.81.","https://www.ziprecruiter.com/Jobs/Personal-Assistant/-in-Oakland,CA",2026-10-04
W06,personal assistant,mostly office employee,"companies, nonprofits, a university, city government; a few private households",Indeed,search for Oakland,mostly executive assistant work in offices; 3 private household assistant jobs,,"office: about $85,000 to $175,000 a year; household: $120,000 to $200,000 a year",,25,687 (site count),0 of 25,,"East Bay office examples: a Berkeley nonprofit $85,000-$110,000; City of Oakland $87,000-$107,000; an Oakland energy firm $85,000-$115,000.","https://www.indeed.com/q-Personal-Assistant-l-Oakland,-CA-jobs.html",2026-10-04
W07,"personal assistant, executive personal assistant, house manager","employee, placed by a staffing agency",wealthy households,EstateJobs,San Francisco and Marin,"calendar, travel, household operations, vendors, personal projects",,not shown,mostly full time,12,12 shown,0 of 12,,None in the East Bay.,https://www.estatejobs.com/jobs/personal-assistant/san-francisco-california,2026-10-04
W08,personal assistant (search term),mixed,mixed,Craigslist jobs,SF Bay Area,"by the page reader's grouping of 40 titles: 12 caregiving, 7 household or personal assistant, 11 office admin, 10 unrelated",,not shown,,40,75 shown,not checked,"Part-Time Household Assistant—Mon–Thu, 3–4 Hours/Day",Titles only. Some care agencies advertise for 'Personal Assistants' and mean caregivers. Counts are approximate.,https://www.craigslist.org/search/area/sfbay?cat=jjj&query=personal+assistant,2026-10-04
W09,personal assistant (to a wealthy household),"employee, placed by a household staffing company",one wealthy individual,CareerBuilder,San Francisco,"household logistics, liaison with housekeepers, vendors and contractors, errands and shopping, driving the employer, occasional travel support",earlier experience in the same role for wealthy clients; discretion; driver's license; evenings and weekends; strong references; background screening,not stated,"full time, flexible hours",1,,no,Proactive problem-solver who does not require micromanagement,,https://www.careerbuilder.com/job-details/sv016-full-time-personal-assistant-san-francisco-ca-san-francisco-ca--e9e18968-f66e-4ccc-abf4-99115fc7cc54,2026-10-04
W10,personal assistant (staffing agency's description),"employee, placed by a staffing agency",private households and executives,staffing agency website,San Francisco,"personal shopping, daily mail, paying bills, schedules and calendars, travel, correspondence, scheduling household staff, inventories; projects: construction, events, charity work","organization, communication and etiquette; background check; references",not stated,,1,,no,"Experts in organization, communication, and etiquette",,https://inhousestaffing.com/private-office-staffing/personal-assistants/,2026-10-04
W11,administrative assistant,office employee,companies and staffing firms,ZipRecruiter,search for Oakland; jobs around the Bay Area,general office support,"high school diploma; Microsoft Office, especially Excel and PowerPoint; earlier office experience",site average $24.17 an hour; most earn $19.86 to $26.78,all 20 full time and on site,20,1000+ (site count),not relevant,,,"https://www.ziprecruiter.com/Jobs/Administrative-Assistant/-in-Oakland,CA",2026-10-04
W12,administrative assistant (executive level),office employee,a planning and design firm,CareerBuilder,Oakland,"calendars, meetings, travel booking, office events, supplies, office budget, contact for building staff and suppliers","5 or more years as an executive or administrative assistant; Microsoft Office 365, Excel, Outlook, Teams; discretion with confidential information","$75,000 to $80,000 a year",in the office Monday to Thursday,1,,not relevant,"5+ years of experience as an executive assistant, administrative assistant",,https://www.careerbuilder.com/job-details/administrative-assistant-oakland-ca--4da1dc1c-3e53-4a47-aa3a-b61c51ad408a,2026-10-04
W13,daily money manager,self-employed,"older adults, people with disabilities, busy professionals",trade association website,national,"paying bills, calling about wrong bills, balancing bank accounts, organizing tax papers, checking medical insurance paperwork, setting up filing systems","no license. The association describes a typical member as having a bachelor's degree and three or more years of experience. Optional certificate: exam, work experience, ethics","hourly, plus travel time and costs such as postage; no amounts given",,1,,yes,"Older adults, people with disabilities, busy professionals",General price guides read on October 3 gave $25 to $150 an hour; two California firms posted $165 and $225.,https://secure.aadmm.com/what-is-a-dmm-pdmm/,2026-10-04
W14,daily money manager (job search),not an employee job,none found,ZipRecruiter,search for Alameda,"none of the 20 listings was money manager work (they were legal, software and case manager jobs)",,not relevant,,20,"1000+ (site count, unrelated jobs)",no,,"Shows this is work people do for themselves, not a job employers post.","https://www.ziprecruiter.com/Jobs/Daily-Money-Manager/-in-Alameda,CA",2026-10-04
W15,personal assistant (booked by the hour),"self-employed, through a gig site","anyone, one task at a time",TaskRabbit,Berkeley,"errands, scheduling, data entry, filing, scanning, organizing, planning a move or party",nothing formal; reviews on the site do the vouching,about $35 an hour (the site's stated average),,6,"2,647 workers of all kinds in Berkeley (site count)",no,"filing, scanning, organizing and basic office work",The 6 featured workers each show 76 to 214 assistant tasks and 29 to 41 reviews rated 4.9 to 5.,https://www.taskrabbit.com/locations/berkeley/personal-assistant,2026-10-04
W16,errands (booked by the hour),"self-employed, through a gig site","anyone, one task at a time",TaskRabbit,Oakland,"picking up prescriptions, post office, dry cleaning, package delivery, dog walking",nothing formal; several workers mention their car or van,$32 an hour (the site's stated average),,6,"5,399 workers of all kinds in Oakland (site count)",no,,The 6 featured workers each show 42 to 125 errand tasks and 64 to 77 reviews rated 4.9 to 5.,https://www.taskrabbit.com/locations/oakland/run-errands,2026-10-04
W17,gig site sign-up rules,"self-employed, through a gig site",not relevant,"NerdWallet article, updated May 29, 2026",national,how working through TaskRabbit works,age 18 or over; ID and Social Security number; background check; smartphone; checking account; $25 sign-up fee that is not refunded,worker sets the rate and keeps it; the client pays the site's fee on top,,1,,no,,The exact size of the client fee was not readable.,https://www.nerdwallet.com/finance/learn/taskrabbit,2026-10-04
