zip,area,older_households,typical_household_income,hours_per_week_household,typical_income_alone,hours_per_week_alone,share_can_afford_weekly_visit
94501,"Alameda, main island",6150,69740,4.598,38395.727,2.532,0.555
94611,"Oakland, Montclair / Piedmont",5760,110769,7.303,51513.502,3.396,0.675
94605,"Oakland, East Oakland hills",4153,84621,5.579,34546.37,2.278,0.648
94601,"Oakland, Fruitvale",3626,41107,2.71,18334.624,1.209,0.396
94610,"Oakland, Grand Lake",3608,102315,6.746,60094.18,3.962,0.676
94602,"Oakland, Glenview / Dimond",3602,88351,5.825,61172.037,4.033,0.645
94606,"Oakland, San Antonio / Eastlake",3089,33565,2.213,14509.0,0.957,0.303
94619,"Oakland, Laurel / Redwood Heights",2830,75556,4.982,52787.695,3.481,0.596
94612,"Oakland, downtown",2632,19241,1.269,14447.653,0.953,0.197
94607,"Oakland, West Oakland / Chinatown",2591,24362,1.606,17845.24,1.177,0.294
94618,"Oakland, Rockridge",2559,120179,7.924,75116.158,4.953,0.741
94608,Emeryville / North Oakland,2412,48580,3.203,45133.0,2.976,0.438
94702,"Berkeley, west",2390,49167,3.242,29229.0,1.927,0.376
94705,"Berkeley, Claremont / Elmwood",2278,129250,8.522,73880.568,4.871,0.798
94707,"Berkeley, north hills",2267,153185,10.1,75421.137,4.973,0.821
94708,Berkeley hills,2105,167292,11.03,88359.837,5.826,0.845
94603,"Oakland, Elmhurst",2004,53648,3.537,18400.435,1.213,0.438
94703,"Berkeley, central / south",1982,76974,5.075,42739.302,2.818,0.585
94621,"Oakland, Coliseum area",1974,35195,2.321,19614.247,1.293,0.266
94609,"Oakland, Temescal",1773,64763,4.27,41905.458,2.763,0.593
94502,"Alameda, Bay Farm Island",1683,136054,8.971,96250.0,6.346,0.778
94709,"Berkeley, north",1288,98472,6.493,61156.259,4.032,0.619
94710,"Berkeley, waterfront",968,86250,5.687,96827.0,6.384,0.598
94704,"Berkeley, downtown / campus",852,90583,5.973,61444.259,4.051,0.611
