zip,area,selfcare_65plus,share_can_pay,share_no_difficulty,care_pool,assistant_pool,care_rank,assistant_rank,fit,blend_order
94501,"Alameda, main island",803,0.49,0.85,394.97,2562.36,1,2,Both,1
94602,"Oakland, Glenview / Dimond",565,0.58,0.86,327.05,1799.23,2,5,Both,2
94605,"Oakland, East Oakland hills",313,0.57,0.88,177.26,2070.19,5,3,Both,3
94611,"Oakland, Montclair / Piedmont",290,0.6,0.92,174.25,3186.36,7,1,Both,4
94610,"Oakland, Grand Lake",274,0.6,0.86,164.95,1857.87,8,4,Both,5
94601,"Oakland, Fruitvale",800,0.32,0.81,253.5,932.66,3,12,Care-leaning,6
94618,"Oakland, Rockridge",210,0.68,0.93,143.61,1621.78,10,6,Assistant-leaning,7
94703,"Berkeley, central / south",440,0.52,0.83,226.66,846.72,4,13,Care-leaning,8
94619,"Oakland, Laurel / Redwood Heights",318,0.5,0.88,159.67,1253.69,9,10,Lower priority,9
94707,"Berkeley, north hills",122,0.77,0.91,93.37,1586.31,16,7,Assistant-leaning,10
94708,Berkeley hills,134,0.78,0.93,104.08,1517.55,15,8,Assistant-leaning,11
94606,"Oakland, San Antonio / Eastlake",772,0.23,0.73,176.19,514.68,6,19,Care-leaning,12
94608,Emeryville / North Oakland,361,0.36,0.85,130.81,746.62,14,14,Lower priority,13
94705,"Berkeley, Claremont / Elmwood",115,0.68,0.94,78.75,1466.56,19,9,Lower priority,14
94603,"Oakland, Elmhurst",395,0.36,0.81,143.3,590.32,11,18,Lower priority,15
94702,"Berkeley, west",402,0.33,0.82,134.39,658.84,13,17,Lower priority,16
94502,"Alameda, Bay Farm Island",99,0.76,0.9,75.35,1148.83,20,11,Lower priority,17
94607,"Oakland, West Oakland / Chinatown",556,0.25,0.76,140.34,495.13,12,20,Lower priority,18
94609,"Oakland, Temescal",145,0.44,0.9,64.12,705.24,21,15,Lower priority,19
94709,"Berkeley, north",86,0.58,0.88,50.21,659.66,23,16,Lower priority,20
94612,"Oakland, downtown",539,0.17,0.78,91.74,349.62,17,23,Lower priority,21
94621,"Oakland, Coliseum area",360,0.22,0.76,78.97,327.48,18,24,Lower priority,22
94704,"Berkeley, downtown / campus",105,0.55,0.82,57.92,386.93,22,22,Lower priority,23
94710,"Berkeley, waterfront",45,0.53,0.91,24.03,468.48,24,21,Lower priority,24
