zip,area,live_alone,women_share,share_living_alone,typical_income_alone,typical_income_all_65plus_households,visit_share_of_income,own_home_share,weekly_visit
94501,"Alameda, main island",2860,0.719,0.28,38395.727,69740,0.19,0.575,A stretch
94611,"Oakland, Montclair / Piedmont",2810,0.692,0.331,51513.502,110769,0.141,0.702,A stretch
94610,"Oakland, Grand Lake",1855,0.616,0.335,60094.18,102315,0.121,0.576,Comfortable
94612,"Oakland, downtown",1796,0.6,0.569,14447.653,19241,0.504,0.097,Out of reach
94606,"Oakland, San Antonio / Eastlake",1564,0.564,0.297,14509.0,33565,0.502,0.337,Out of reach
94602,"Oakland, Glenview / Dimond",1459,0.644,0.252,61172.037,88351,0.119,0.722,Comfortable
94607,"Oakland, West Oakland / Chinatown",1355,0.579,0.361,17845.24,24362,0.408,0.37,Out of reach
94605,"Oakland, East Oakland hills",1353,0.575,0.195,34546.37,84621,0.211,0.823,Out of reach
94608,Emeryville / North Oakland,1266,0.524,0.357,45133.0,48580,0.161,0.524,A stretch
94618,"Oakland, Rockridge",1255,0.676,0.327,75116.158,120179,0.097,0.781,Comfortable
94702,"Berkeley, west",1219,0.631,0.389,29229.0,49167,0.249,0.525,Out of reach
94601,"Oakland, Fruitvale",1154,0.542,0.183,18334.624,41107,0.397,0.483,Out of reach
94619,"Oakland, Laurel / Redwood Heights",1062,0.742,0.249,52787.695,75556,0.138,0.818,A stretch
94703,"Berkeley, central / south",931,0.527,0.3,42739.302,76974,0.17,0.654,A stretch
94621,"Oakland, Coliseum area",914,0.667,0.321,19614.247,35195,0.371,0.481,Out of reach
94603,"Oakland, Elmhurst",839,0.528,0.25,18400.435,53648,0.396,0.584,Out of reach
94707,"Berkeley, north hills",832,0.762,0.215,75421.137,153185,0.097,0.949,Comfortable
94705,"Berkeley, Claremont / Elmwood",824,0.682,0.23,73880.568,129250,0.099,0.831,Comfortable
94609,"Oakland, Temescal",795,0.669,0.334,41905.458,64763,0.174,0.612,A stretch
94708,Berkeley hills,650,0.651,0.195,88359.837,167292,0.082,0.922,Comfortable
94709,"Berkeley, north",648,0.62,0.372,61156.259,98472,0.119,0.538,Comfortable
94502,"Alameda, Bay Farm Island",551,0.726,0.19,96250.0,136054,0.076,0.958,Comfortable
94710,"Berkeley, waterfront",505,0.735,0.351,96827.0,86250,0.075,0.616,Comfortable
94704,"Berkeley, downtown / campus",498,0.58,0.412,61444.259,90583,0.118,0.447,Comfortable
