zip,city,rank_at_50k,rank_at_75k,rank_at_100k,best_rank,worst_rank
94501,Alameda,1,1,1,1,1
94610,Oakland,2,2,2,2,2
94602,Oakland,3,3,5,3,5
94605,Oakland,4,4,4,4,4
94611,Oakland,5,5,3,3,5
94601,Oakland,7,6,6,6,7
94606,Oakland,6,7,7,6,7
94703,Berkeley,9,8,10,8,10
94619,Oakland,8,9,8,8,9
94607,Oakland,12,10,13,10,13
94707,Berkeley,15,11,9,9,15
94702,Berkeley,10,12,14,10,14
94603,Oakland,11,13,17,11,17
94502,Alameda,17,14,12,12,17
94618,Oakland,16,15,11,11,16
94608,Oakland,13,16,15,13,16
94708,Berkeley,18,17,16,16,18
94621,Oakland,14,18,19,14,19
94612,Oakland,19,19,20,19,20
94705,Berkeley,21,20,18,18,21
94709,Berkeley,22,21,21,21,22
94704,Berkeley,23,22,22,22,23
94609,Oakland,20,23,23,20,23
94710,Berkeley,24,24,24,24,24
