zip,area,spanish_65plus,limited_english,english_very_well,share_of_older_adults,typical_household_income,fit
94601,"Oakland, Fruitvale",2115,1278,837,0.318,41107,"Spanish speakers, tight budgets"
94603,"Oakland, Elmhurst",893,667,226,0.261,53648,"Spanish speakers, tight budgets"
94621,"Oakland, Coliseum area",778,544,234,0.261,35195,"Spanish speakers, tight budgets"
94605,"Oakland, East Oakland hills",765,278,487,0.109,84621,"Spanish speakers, can likely pay"
94501,"Alameda, main island",486,160,326,0.044,69740,"Spanish speakers, can likely pay"
94606,"Oakland, San Antonio / Eastlake",481,277,204,0.087,33565,"Spanish speakers, tight budgets"
94602,"Oakland, Glenview / Dimond",432,244,188,0.073,88351,"Spanish speakers, can likely pay"
94608,Emeryville / North Oakland,405,69,336,0.112,48580,"Spanish speakers, tight budgets"
94610,"Oakland, Grand Lake",317,106,211,0.055,102315,"Spanish speakers, can likely pay"
94619,"Oakland, Laurel / Redwood Heights",312,47,265,0.071,75556,"Spanish speakers, can likely pay"
94703,"Berkeley, central / south",231,64,167,0.072,76974,Few Spanish speakers
94710,"Berkeley, waterfront",214,59,155,0.144,86250,Few Spanish speakers
94607,"Oakland, West Oakland / Chinatown",198,92,106,0.051,24362,Few Spanish speakers
94611,"Oakland, Montclair / Piedmont",192,73,119,0.022,110769,Few Spanish speakers
94609,"Oakland, Temescal",190,62,128,0.074,64763,Few Spanish speakers
94708,Berkeley hills,189,29,160,0.057,167292,Few Spanish speakers
94702,"Berkeley, west",170,84,86,0.053,49167,Few Spanish speakers
94618,"Oakland, Rockridge",151,46,105,0.039,120179,Few Spanish speakers
94707,"Berkeley, north hills",136,0,136,0.035,153185,Few Spanish speakers
94502,"Alameda, Bay Farm Island",103,0,103,0.036,136054,Few Spanish speakers
94705,"Berkeley, Claremont / Elmwood",90,27,63,0.024,129250,Few Spanish speakers
94612,"Oakland, downtown",63,41,22,0.019,19241,Few Spanish speakers
94709,"Berkeley, north",62,10,52,0.034,98472,Few Spanish speakers
94704,"Berkeley, downtown / campus",1,0,1,0.001,90583,Few Spanish speakers
