zip,city,residents_65plus,live_alone_65plus,difficulty_65plus,hh_65plus,hh_65plus_can_pay,share_difficulty,target_pool
94501,Alameda,10926,2860,1671,6150,3025,0.15,462.64
94610,Oakland,5725,1855,828,3608,2172,0.14,314.13
94602,Oakland,5939,1459,814,3602,2085,0.14,285.77
94605,Oakland,7019,1353,841,4153,2352,0.12,281.81
94611,Oakland,8708,2810,691,5760,3461,0.08,274.64
94601,Oakland,6660,1154,1254,3626,1149,0.19,216.34
94606,Oakland,5512,1564,1488,3089,705,0.27,190.32
94703,Berkeley,3187,931,544,1982,1021,0.17,174.28
94619,Oakland,4408,1062,519,2830,1421,0.12,167.31
94607,Oakland,3849,1355,935,2591,654,0.24,158.87
94707,Berkeley,3874,832,332,2267,1735,0.09,148.69
94702,Berkeley,3198,1219,561,2390,799,0.18,140.16
94603,Oakland,3420,839,643,2004,727,0.19,136.68
94502,Alameda,2898,551,299,1683,1281,0.1,132.17
94618,Oakland,3849,1255,282,2559,1750,0.07,128.22
94608,Oakland,3609,1266,526,2412,874,0.15,127.38
94708,Berkeley,3327,650,239,2105,1635,0.07,117.45
94621,Oakland,2979,914,726,1974,433,0.24,105.52
94612,Oakland,3338,1796,733,2632,448,0.22,98.38
94705,Berkeley,3723,824,223,2278,1560,0.06,93.44
94709,Berkeley,1808,648,222,1288,752,0.12,92.34
94704,Berkeley,1273,498,225,852,470,0.18,83.07
94609,Oakland,2578,795,259,1773,784,0.1,78.76
94710,Berkeley,1481,505,139,968,517,0.09,48.52
